model,nb_neurones_per_layers,nb_layers,future_temporal_horizon,activation,batchsize,future_delay,smoothing,subsampling_dt,state_configuration,data,data_dt,learning_rate,nb_collocations,seed,transfer_learning,train_on_collocation,ensemble_collocation,early_stopping,nb_epochs,training_name,pretrained_idx,status,training_idx
mlp,8,4,1.,tanh,512,0.05,0,0.05,dof2,february_2024,0.005,0.001,50000,43,0,1,1,1,1500,training_pretrainned_dof2,,,0
mlp,8,4,1.,tanh,512,0.05,0,0.05,dof2,february_2024,0.005,0.001,50000,43,0,1,1,1,1500,training_pretrainned_dof2,,,1
mlp,8,4,1.,tanh,512,0.05,0,0.05,dof2,february_2024,0.005,0.001,50000,43,0,1,1,1,1500,training_pretrainned_dof2,,,2
mlp,8,4,1.,tanh,512,0.05,0,0.05,dof2,february_2024,0.005,0.001,50000,43,0,1,1,1,1500,training_pretrainned_dof2,,,3
mlp,8,4,1.,tanh,512,0.05,0,0.05,dof2,february_2024,0.005,0.001,50000,43,0,1,1,1,1500,training_pretrainned_dof2,,,4
mlp,8,4,1.,tanh,512,0.05,0,0.05,dof2,february_2024,0.005,0.001,50000,43,0,1,1,1,1500,training_pretrainned_dof2,,,5
mlp,8,4,1.,tanh,512,0.05,0,0.05,dof2,february_2024,0.005,0.001,50000,43,0,1,1,1,1500,training_pretrainned_dof2,,,6
mlp,8,4,1.,tanh,512,0.05,0,0.05,dof2,february_2024,0.005,0.001,50000,43,0,1,1,1,1500,training_pretrainned_dof2,,,7
mlp,8,4,1.,tanh,512,0.05,0,0.05,dof2,february_2024,0.005,0.001,50000,43,0,1,1,1,1500,training_pretrainned_dof2,,,8
mlp,8,4,1.,tanh,512,0.05,0,0.05,dof2,february_2024,0.005,0.001,50000,43,0,1,1,1,1500,training_pretrainned_dof2,,,9
mlp,8,4,1.,tanh,512,0.05,0,0.05,dof2,february_2024,0.005,0.001,50000,43,0,1,1,1,1500,training_pretrainned_dof2,,,10
mlp,8,4,1.,tanh,512,0.05,0,0.05,dof2,february_2024,0.005,0.001,50000,43,0,1,1,1,1500,training_pretrainned_dof2,,,11
mlp,8,4,1.,tanh,512,0.05,0,0.05,dof2,february_2024,0.005,0.001,50000,43,0,1,1,1,1500,training_pretrainned_dof2,,,12
mlp,8,4,1.,tanh,512,0.05,0,0.05,dof2,february_2024,0.005,0.001,50000,43,0,1,1,1,1500,training_pretrainned_dof2,,,13
mlp,8,4,1.,tanh,512,0.05,0,0.05,dof2,february_2024,0.005,0.001,50000,43,0,1,1,1,1500,training_pretrainned_dof2,,,14
mlp,16,4,1.,tanh,512,0.05,0,0.05,dof2,february_2024,0.005,0.001,50000,43,0,1,1,1,1500,training_pretrainned_dof2,,,15
mlp,16,4,1.,tanh,512,0.05,0,0.05,dof2,february_2024,0.005,0.001,50000,43,0,1,1,1,1500,training_pretrainned_dof2,,,16
mlp,16,4,1.,tanh,512,0.05,0,0.05,dof2,february_2024,0.005,0.001,50000,43,0,1,1,1,1500,training_pretrainned_dof2,,,17
mlp,16,4,1.,tanh,512,0.05,0,0.05,dof2,february_2024,0.005,0.001,50000,43,0,1,1,1,1500,training_pretrainned_dof2,,,18
mlp,16,4,1.,tanh,512,0.05,0,0.05,dof2,february_2024,0.005,0.001,50000,43,0,1,1,1,1500,training_pretrainned_dof2,,,19
mlp,16,4,1.,tanh,512,0.05,0,0.05,dof2,february_2024,0.005,0.001,50000,43,0,1,1,1,1500,training_pretrainned_dof2,,,20
mlp,16,4,1.,tanh,512,0.05,0,0.05,dof2,february_2024,0.005,0.001,50000,43,0,1,1,1,1500,training_pretrainned_dof2,,,21
mlp,16,4,1.,tanh,512,0.05,0,0.05,dof2,february_2024,0.005,0.001,50000,43,0,1,1,1,1500,training_pretrainned_dof2,,,22
mlp,16,4,1.,tanh,512,0.05,0,0.05,dof2,february_2024,0.005,0.001,50000,43,0,1,1,1,1500,training_pretrainned_dof2,,,23
mlp,16,4,1.,tanh,512,0.05,0,0.05,dof2,february_2024,0.005,0.001,50000,43,0,1,1,1,1500,training_pretrainned_dof2,,,24
mlp,16,4,1.,tanh,512,0.05,0,0.05,dof2,february_2024,0.005,0.001,50000,43,0,1,1,1,1500,training_pretrainned_dof2,,,25
mlp,16,4,1.,tanh,512,0.05,0,0.05,dof2,february_2024,0.005,0.001,50000,43,0,1,1,1,1500,training_pretrainned_dof2,,,26
mlp,16,4,1.,tanh,512,0.05,0,0.05,dof2,february_2024,0.005,0.001,50000,43,0,1,1,1,1500,training_pretrainned_dof2,,,27
mlp,16,4,1.,tanh,512,0.05,0,0.05,dof2,february_2024,0.005,0.001,50000,43,0,1,1,1,1500,training_pretrainned_dof2,,,28
mlp,16,4,1.,tanh,512,0.05,0,0.05,dof2,february_2024,0.005,0.001,50000,43,0,1,1,1,1500,training_pretrainned_dof2,,,29
mlp,24,4,1.,tanh,512,0.05,0,0.05,dof2,february_2024,0.005,0.001,50000,43,0,1,1,1,1500,training_pretrainned_dof2,,,30
mlp,24,4,1.,tanh,512,0.05,0,0.05,dof2,february_2024,0.005,0.001,50000,43,0,1,1,1,1500,training_pretrainned_dof2,,,31
mlp,24,4,1.,tanh,512,0.05,0,0.05,dof2,february_2024,0.005,0.001,50000,43,0,1,1,1,1500,training_pretrainned_dof2,,,32
mlp,24,4,1.,tanh,512,0.05,0,0.05,dof2,february_2024,0.005,0.001,50000,43,0,1,1,1,1500,training_pretrainned_dof2,,,33
mlp,24,4,1.,tanh,512,0.05,0,0.05,dof2,february_2024,0.005,0.001,50000,43,0,1,1,1,1500,training_pretrainned_dof2,,,34
mlp,24,4,1.,tanh,512,0.05,0,0.05,dof2,february_2024,0.005,0.001,50000,43,0,1,1,1,1500,training_pretrainned_dof2,,,35
mlp,24,4,1.,tanh,512,0.05,0,0.05,dof2,february_2024,0.005,0.001,50000,43,0,1,1,1,1500,training_pretrainned_dof2,,,36
mlp,24,4,1.,tanh,512,0.05,0,0.05,dof2,february_2024,0.005,0.001,50000,43,0,1,1,1,1500,training_pretrainned_dof2,,,37
mlp,24,4,1.,tanh,512,0.05,0,0.05,dof2,february_2024,0.005,0.001,50000,43,0,1,1,1,1500,training_pretrainned_dof2,,,38
mlp,24,4,1.,tanh,512,0.05,0,0.05,dof2,february_2024,0.005,0.001,50000,43,0,1,1,1,1500,training_pretrainned_dof2,,,39
mlp,24,4,1.,tanh,512,0.05,0,0.05,dof2,february_2024,0.005,0.001,50000,43,0,1,1,1,1500,training_pretrainned_dof2,,,40
mlp,24,4,1.,tanh,512,0.05,0,0.05,dof2,february_2024,0.005,0.001,50000,43,0,1,1,1,1500,training_pretrainned_dof2,,,41
mlp,24,4,1.,tanh,512,0.05,0,0.05,dof2,february_2024,0.005,0.001,50000,43,0,1,1,1,1500,training_pretrainned_dof2,,,42
mlp,24,4,1.,tanh,512,0.05,0,0.05,dof2,february_2024,0.005,0.001,50000,43,0,1,1,1,1500,training_pretrainned_dof2,,,43
mlp,24,4,1.,tanh,512,0.05,0,0.05,dof2,february_2024,0.005,0.001,50000,43,0,1,1,1,1500,training_pretrainned_dof2,,,44
mlp,8,4,1.,tanh,512,0.05,0.,0.05,dof2,february_2024,0.005,0.001,0,43,0,0,0,1,1500,training_data_based_dof2,,,45
mlp,8,4,1.,tanh,512,0.05,0.,0.05,dof2,february_2024,0.005,0.001,0,43,0,0,0,1,1500,training_data_based_dof2,,,46
mlp,8,4,1.,tanh,512,0.05,0.,0.05,dof2,february_2024,0.005,0.001,0,43,0,0,0,1,1500,training_data_based_dof2,,,47
mlp,8,4,1.,tanh,512,0.05,0.,0.05,dof2,february_2024,0.005,0.001,0,43,0,0,0,1,1500,training_data_based_dof2,,,48
mlp,8,4,1.,tanh,512,0.05,0.,0.05,dof2,february_2024,0.005,0.001,0,43,0,0,0,1,1500,training_data_based_dof2,,,49
mlp,8,4,1.,tanh,512,0.05,0.,0.05,dof2,february_2024,0.005,0.001,0,43,0,0,0,1,1500,training_data_based_dof2,,,50
mlp,8,4,1.,tanh,512,0.05,0.,0.05,dof2,february_2024,0.005,0.001,0,43,0,0,0,1,1500,training_data_based_dof2,,,51
mlp,8,4,1.,tanh,512,0.05,0.,0.05,dof2,february_2024,0.005,0.001,0,43,0,0,0,1,1500,training_data_based_dof2,,,52
mlp,8,4,1.,tanh,512,0.05,0.,0.05,dof2,february_2024,0.005,0.001,0,43,0,0,0,1,1500,training_data_based_dof2,,,53
mlp,8,4,1.,tanh,512,0.05,0.,0.05,dof2,february_2024,0.005,0.001,0,43,0,0,0,1,1500,training_data_based_dof2,,,54
mlp,8,4,1.,tanh,512,0.05,0.,0.05,dof2,february_2024,0.005,0.001,0,43,0,0,0,1,1500,training_data_based_dof2,,,55
mlp,8,4,1.,tanh,512,0.05,0.,0.05,dof2,february_2024,0.005,0.001,0,43,0,0,0,1,1500,training_data_based_dof2,,,56
mlp,8,4,1.,tanh,512,0.05,0.,0.05,dof2,february_2024,0.005,0.001,0,43,0,0,0,1,1500,training_data_based_dof2,,,57
mlp,8,4,1.,tanh,512,0.05,0.,0.05,dof2,february_2024,0.005,0.001,0,43,0,0,0,1,1500,training_data_based_dof2,,,58
mlp,8,4,1.,tanh,512,0.05,0.,0.05,dof2,february_2024,0.005,0.001,0,43,0,0,0,1,1500,training_data_based_dof2,,,59
mlp,16,4,1.,tanh,512,0.05,0.,0.05,dof2,february_2024,0.005,0.001,0,43,0,0,0,1,1500,training_data_based_dof2,,,60
mlp,16,4,1.,tanh,512,0.05,0.,0.05,dof2,february_2024,0.005,0.001,0,43,0,0,0,1,1500,training_data_based_dof2,,,61
mlp,16,4,1.,tanh,512,0.05,0.,0.05,dof2,february_2024,0.005,0.001,0,43,0,0,0,1,1500,training_data_based_dof2,,,62
mlp,16,4,1.,tanh,512,0.05,0.,0.05,dof2,february_2024,0.005,0.001,0,43,0,0,0,1,1500,training_data_based_dof2,,,63
mlp,16,4,1.,tanh,512,0.05,0.,0.05,dof2,february_2024,0.005,0.001,0,43,0,0,0,1,1500,training_data_based_dof2,,,64
mlp,16,4,1.,tanh,512,0.05,0.,0.05,dof2,february_2024,0.005,0.001,0,43,0,0,0,1,1500,training_data_based_dof2,,,65
mlp,16,4,1.,tanh,512,0.05,0.,0.05,dof2,february_2024,0.005,0.001,0,43,0,0,0,1,1500,training_data_based_dof2,,,66
mlp,16,4,1.,tanh,512,0.05,0.,0.05,dof2,february_2024,0.005,0.001,0,43,0,0,0,1,1500,training_data_based_dof2,,,67
mlp,16,4,1.,tanh,512,0.05,0.,0.05,dof2,february_2024,0.005,0.001,0,43,0,0,0,1,1500,training_data_based_dof2,,,68
mlp,16,4,1.,tanh,512,0.05,0.,0.05,dof2,february_2024,0.005,0.001,0,43,0,0,0,1,1500,training_data_based_dof2,,,69
mlp,16,4,1.,tanh,512,0.05,0.,0.05,dof2,february_2024,0.005,0.001,0,43,0,0,0,1,1500,training_data_based_dof2,,,70
mlp,16,4,1.,tanh,512,0.05,0.,0.05,dof2,february_2024,0.005,0.001,0,43,0,0,0,1,1500,training_data_based_dof2,,,71
mlp,16,4,1.,tanh,512,0.05,0.,0.05,dof2,february_2024,0.005,0.001,0,43,0,0,0,1,1500,training_data_based_dof2,,,72
mlp,16,4,1.,tanh,512,0.05,0.,0.05,dof2,february_2024,0.005,0.001,0,43,0,0,0,1,1500,training_data_based_dof2,,,73
mlp,16,4,1.,tanh,512,0.05,0.,0.05,dof2,february_2024,0.005,0.001,0,43,0,0,0,1,1500,training_data_based_dof2,,,74
mlp,24,4,1.,tanh,512,0.05,0.,0.05,dof2,february_2024,0.005,0.001,0,43,0,0,0,1,1500,training_data_based_dof2,,,75
mlp,24,4,1.,tanh,512,0.05,0.,0.05,dof2,february_2024,0.005,0.001,0,43,0,0,0,1,1500,training_data_based_dof2,,,76
mlp,24,4,1.,tanh,512,0.05,0.,0.05,dof2,february_2024,0.005,0.001,0,43,0,0,0,1,1500,training_data_based_dof2,,,77
mlp,24,4,1.,tanh,512,0.05,0.,0.05,dof2,february_2024,0.005,0.001,0,43,0,0,0,1,1500,training_data_based_dof2,,,78
mlp,24,4,1.,tanh,512,0.05,0.,0.05,dof2,february_2024,0.005,0.001,0,43,0,0,0,1,1500,training_data_based_dof2,,,79
mlp,24,4,1.,tanh,512,0.05,0.,0.05,dof2,february_2024,0.005,0.001,0,43,0,0,0,1,1500,training_data_based_dof2,,,80
mlp,24,4,1.,tanh,512,0.05,0.,0.05,dof2,february_2024,0.005,0.001,0,43,0,0,0,1,1500,training_data_based_dof2,,,81
mlp,24,4,1.,tanh,512,0.05,0.,0.05,dof2,february_2024,0.005,0.001,0,43,0,0,0,1,1500,training_data_based_dof2,,,82
mlp,24,4,1.,tanh,512,0.05,0.,0.05,dof2,february_2024,0.005,0.001,0,43,0,0,0,1,1500,training_data_based_dof2,,,83
mlp,24,4,1.,tanh,512,0.05,0.,0.05,dof2,february_2024,0.005,0.001,0,43,0,0,0,1,1500,training_data_based_dof2,,,84
mlp,24,4,1.,tanh,512,0.05,0.,0.05,dof2,february_2024,0.005,0.001,0,43,0,0,0,1,1500,training_data_based_dof2,,,85
mlp,24,4,1.,tanh,512,0.05,0.,0.05,dof2,february_2024,0.005,0.001,0,43,0,0,0,1,1500,training_data_based_dof2,,,86
mlp,24,4,1.,tanh,512,0.05,0.,0.05,dof2,february_2024,0.005,0.001,0,43,0,0,0,1,1500,training_data_based_dof2,,,87
mlp,24,4,1.,tanh,512,0.05,0.,0.05,dof2,february_2024,0.005,0.001,0,43,0,0,0,1,1500,training_data_based_dof2,,,88
mlp,24,4,1.,tanh,512,0.05,0.,0.05,dof2,february_2024,0.005,0.001,0,43,0,0,0,1,1500,training_data_based_dof2,,,89
mlp,8,4,0.5,tanh,512,0.05,0.,0.05,dof2,february_2024,0.005,0.001,0,43,0,0,0,1,1500,training_data_based_dof2,,,90
mlp,8,4,0.5,tanh,512,0.05,0.,0.05,dof2,february_2024,0.005,0.001,0,43,0,0,0,1,1500,training_data_based_dof2,,,91
mlp,8,4,0.5,tanh,512,0.05,0.,0.05,dof2,february_2024,0.005,0.001,0,43,0,0,0,1,1500,training_data_based_dof2,,,92
mlp,8,4,0.5,tanh,512,0.05,0.,0.05,dof2,february_2024,0.005,0.001,0,43,0,0,0,1,1500,training_data_based_dof2,,,93
mlp,8,4,0.5,tanh,512,0.05,0.,0.05,dof2,february_2024,0.005,0.001,0,43,0,0,0,1,1500,training_data_based_dof2,,,94
mlp,8,4,0.5,tanh,512,0.05,0.,0.05,dof2,february_2024,0.005,0.001,0,43,0,0,0,1,1500,training_data_based_dof2,,,95
mlp,8,4,0.5,tanh,512,0.05,0.,0.05,dof2,february_2024,0.005,0.001,0,43,0,0,0,1,1500,training_data_based_dof2,,,96
mlp,8,4,0.5,tanh,512,0.05,0.,0.05,dof2,february_2024,0.005,0.001,0,43,0,0,0,1,1500,training_data_based_dof2,,,97
mlp,8,4,0.5,tanh,512,0.05,0.,0.05,dof2,february_2024,0.005,0.001,0,43,0,0,0,1,1500,training_data_based_dof2,,,98
mlp,8,4,0.5,tanh,512,0.05,0.,0.05,dof2,february_2024,0.005,0.001,0,43,0,0,0,1,1500,training_data_based_dof2,,,99
mlp,8,4,0.5,tanh,512,0.05,0.,0.05,dof2,february_2024,0.005,0.001,0,43,0,0,0,1,1500,training_data_based_dof2,,,100
mlp,8,4,0.5,tanh,512,0.05,0.,0.05,dof2,february_2024,0.005,0.001,0,43,0,0,0,1,1500,training_data_based_dof2,,,101
mlp,8,4,0.5,tanh,512,0.05,0.,0.05,dof2,february_2024,0.005,0.001,0,43,0,0,0,1,1500,training_data_based_dof2,,,102
mlp,8,4,0.5,tanh,512,0.05,0.,0.05,dof2,february_2024,0.005,0.001,0,43,0,0,0,1,1500,training_data_based_dof2,,,103
mlp,8,4,0.5,tanh,512,0.05,0.,0.05,dof2,february_2024,0.005,0.001,0,43,0,0,0,1,1500,training_data_based_dof2,,,104
mlp,16,4,0.5,tanh,512,0.05,0.,0.05,dof2,february_2024,0.005,0.001,0,43,0,0,0,1,1500,training_data_based_dof2,,,105
mlp,16,4,0.5,tanh,512,0.05,0.,0.05,dof2,february_2024,0.005,0.001,0,43,0,0,0,1,1500,training_data_based_dof2,,,106
mlp,16,4,0.5,tanh,512,0.05,0.,0.05,dof2,february_2024,0.005,0.001,0,43,0,0,0,1,1500,training_data_based_dof2,,,107
mlp,16,4,0.5,tanh,512,0.05,0.,0.05,dof2,february_2024,0.005,0.001,0,43,0,0,0,1,1500,training_data_based_dof2,,,108
mlp,16,4,0.5,tanh,512,0.05,0.,0.05,dof2,february_2024,0.005,0.001,0,43,0,0,0,1,1500,training_data_based_dof2,,,109
mlp,16,4,0.5,tanh,512,0.05,0.,0.05,dof2,february_2024,0.005,0.001,0,43,0,0,0,1,1500,training_data_based_dof2,,,110
mlp,16,4,0.5,tanh,512,0.05,0.,0.05,dof2,february_2024,0.005,0.001,0,43,0,0,0,1,1500,training_data_based_dof2,,,111
mlp,16,4,0.5,tanh,512,0.05,0.,0.05,dof2,february_2024,0.005,0.001,0,43,0,0,0,1,1500,training_data_based_dof2,,,112
mlp,16,4,0.5,tanh,512,0.05,0.,0.05,dof2,february_2024,0.005,0.001,0,43,0,0,0,1,1500,training_data_based_dof2,,,113
mlp,16,4,0.5,tanh,512,0.05,0.,0.05,dof2,february_2024,0.005,0.001,0,43,0,0,0,1,1500,training_data_based_dof2,,,114
mlp,16,4,0.5,tanh,512,0.05,0.,0.05,dof2,february_2024,0.005,0.001,0,43,0,0,0,1,1500,training_data_based_dof2,,,115
mlp,16,4,0.5,tanh,512,0.05,0.,0.05,dof2,february_2024,0.005,0.001,0,43,0,0,0,1,1500,training_data_based_dof2,,,116
mlp,16,4,0.5,tanh,512,0.05,0.,0.05,dof2,february_2024,0.005,0.001,0,43,0,0,0,1,1500,training_data_based_dof2,,,117
mlp,16,4,0.5,tanh,512,0.05,0.,0.05,dof2,february_2024,0.005,0.001,0,43,0,0,0,1,1500,training_data_based_dof2,,,118
mlp,16,4,0.5,tanh,512,0.05,0.,0.05,dof2,february_2024,0.005,0.001,0,43,0,0,0,1,1500,training_data_based_dof2,,,119
mlp,24,4,0.5,tanh,512,0.05,0.,0.05,dof2,february_2024,0.005,0.001,0,43,0,0,0,1,1500,training_data_based_dof2,,,120
mlp,24,4,0.5,tanh,512,0.05,0.,0.05,dof2,february_2024,0.005,0.001,0,43,0,0,0,1,1500,training_data_based_dof2,,,121
mlp,24,4,0.5,tanh,512,0.05,0.,0.05,dof2,february_2024,0.005,0.001,0,43,0,0,0,1,1500,training_data_based_dof2,,,122
mlp,24,4,0.5,tanh,512,0.05,0.,0.05,dof2,february_2024,0.005,0.001,0,43,0,0,0,1,1500,training_data_based_dof2,,,123
mlp,24,4,0.5,tanh,512,0.05,0.,0.05,dof2,february_2024,0.005,0.001,0,43,0,0,0,1,1500,training_data_based_dof2,,,124
mlp,24,4,0.5,tanh,512,0.05,0.,0.05,dof2,february_2024,0.005,0.001,0,43,0,0,0,1,1500,training_data_based_dof2,,,125
mlp,24,4,0.5,tanh,512,0.05,0.,0.05,dof2,february_2024,0.005,0.001,0,43,0,0,0,1,1500,training_data_based_dof2,,,126
mlp,24,4,0.5,tanh,512,0.05,0.,0.05,dof2,february_2024,0.005,0.001,0,43,0,0,0,1,1500,training_data_based_dof2,,,127
mlp,24,4,0.5,tanh,512,0.05,0.,0.05,dof2,february_2024,0.005,0.001,0,43,0,0,0,1,1500,training_data_based_dof2,,,128
mlp,24,4,0.5,tanh,512,0.05,0.,0.05,dof2,february_2024,0.005,0.001,0,43,0,0,0,1,1500,training_data_based_dof2,,,129
mlp,24,4,0.5,tanh,512,0.05,0.,0.05,dof2,february_2024,0.005,0.001,0,43,0,0,0,1,1500,training_data_based_dof2,,,130
mlp,24,4,0.5,tanh,512,0.05,0.,0.05,dof2,february_2024,0.005,0.001,0,43,0,0,0,1,1500,training_data_based_dof2,,,131
mlp,24,4,0.5,tanh,512,0.05,0.,0.05,dof2,february_2024,0.005,0.001,0,43,0,0,0,1,1500,training_data_based_dof2,,,132
mlp,24,4,0.5,tanh,512,0.05,0.,0.05,dof2,february_2024,0.005,0.001,0,43,0,0,0,1,1500,training_data_based_dof2,,,133
mlp,24,4,0.5,tanh,512,0.05,0.,0.05,dof2,february_2024,0.005,0.001,0,43,0,0,0,1,1500,training_data_based_dof2,,,134
mlp,8,4,0.05,tanh,512,0.05,0.,0.05,dof2,february_2024,0.005,0.001,0,43,0,0,0,1,1500,training_data_based_dof2,,,135
mlp,8,4,0.05,tanh,512,0.05,0.,0.05,dof2,february_2024,0.005,0.001,0,43,0,0,0,1,1500,training_data_based_dof2,,,136
mlp,8,4,0.05,tanh,512,0.05,0.,0.05,dof2,february_2024,0.005,0.001,0,43,0,0,0,1,1500,training_data_based_dof2,,,137
mlp,8,4,0.05,tanh,512,0.05,0.,0.05,dof2,february_2024,0.005,0.001,0,43,0,0,0,1,1500,training_data_based_dof2,,,138
mlp,8,4,0.05,tanh,512,0.05,0.,0.05,dof2,february_2024,0.005,0.001,0,43,0,0,0,1,1500,training_data_based_dof2,,,139
mlp,8,4,0.05,tanh,512,0.05,0.,0.05,dof2,february_2024,0.005,0.001,0,43,0,0,0,1,1500,training_data_based_dof2,,,140
mlp,8,4,0.05,tanh,512,0.05,0.,0.05,dof2,february_2024,0.005,0.001,0,43,0,0,0,1,1500,training_data_based_dof2,,,141
mlp,8,4,0.05,tanh,512,0.05,0.,0.05,dof2,february_2024,0.005,0.001,0,43,0,0,0,1,1500,training_data_based_dof2,,,142
mlp,8,4,0.05,tanh,512,0.05,0.,0.05,dof2,february_2024,0.005,0.001,0,43,0,0,0,1,1500,training_data_based_dof2,,,143
mlp,8,4,0.05,tanh,512,0.05,0.,0.05,dof2,february_2024,0.005,0.001,0,43,0,0,0,1,1500,training_data_based_dof2,,,144
mlp,8,4,0.05,tanh,512,0.05,0.,0.05,dof2,february_2024,0.005,0.001,0,43,0,0,0,1,1500,training_data_based_dof2,,,145
mlp,8,4,0.05,tanh,512,0.05,0.,0.05,dof2,february_2024,0.005,0.001,0,43,0,0,0,1,1500,training_data_based_dof2,,,146
mlp,8,4,0.05,tanh,512,0.05,0.,0.05,dof2,february_2024,0.005,0.001,0,43,0,0,0,1,1500,training_data_based_dof2,,,147
mlp,8,4,0.05,tanh,512,0.05,0.,0.05,dof2,february_2024,0.005,0.001,0,43,0,0,0,1,1500,training_data_based_dof2,,,148
mlp,8,4,0.05,tanh,512,0.05,0.,0.05,dof2,february_2024,0.005,0.001,0,43,0,0,0,1,1500,training_data_based_dof2,,,149
mlp,16,4,0.05,tanh,512,0.05,0.,0.05,dof2,february_2024,0.005,0.001,0,43,0,0,0,1,1500,training_data_based_dof2,,,150
mlp,16,4,0.05,tanh,512,0.05,0.,0.05,dof2,february_2024,0.005,0.001,0,43,0,0,0,1,1500,training_data_based_dof2,,,151
mlp,16,4,0.05,tanh,512,0.05,0.,0.05,dof2,february_2024,0.005,0.001,0,43,0,0,0,1,1500,training_data_based_dof2,,,152
mlp,16,4,0.05,tanh,512,0.05,0.,0.05,dof2,february_2024,0.005,0.001,0,43,0,0,0,1,1500,training_data_based_dof2,,,153
mlp,16,4,0.05,tanh,512,0.05,0.,0.05,dof2,february_2024,0.005,0.001,0,43,0,0,0,1,1500,training_data_based_dof2,,,154
mlp,16,4,0.05,tanh,512,0.05,0.,0.05,dof2,february_2024,0.005,0.001,0,43,0,0,0,1,1500,training_data_based_dof2,,,155
mlp,16,4,0.05,tanh,512,0.05,0.,0.05,dof2,february_2024,0.005,0.001,0,43,0,0,0,1,1500,training_data_based_dof2,,,156
mlp,16,4,0.05,tanh,512,0.05,0.,0.05,dof2,february_2024,0.005,0.001,0,43,0,0,0,1,1500,training_data_based_dof2,,,157
mlp,16,4,0.05,tanh,512,0.05,0.,0.05,dof2,february_2024,0.005,0.001,0,43,0,0,0,1,1500,training_data_based_dof2,,,158
mlp,16,4,0.05,tanh,512,0.05,0.,0.05,dof2,february_2024,0.005,0.001,0,43,0,0,0,1,1500,training_data_based_dof2,,,159
mlp,16,4,0.05,tanh,512,0.05,0.,0.05,dof2,february_2024,0.005,0.001,0,43,0,0,0,1,1500,training_data_based_dof2,,,160
mlp,16,4,0.05,tanh,512,0.05,0.,0.05,dof2,february_2024,0.005,0.001,0,43,0,0,0,1,1500,training_data_based_dof2,,,161
mlp,16,4,0.05,tanh,512,0.05,0.,0.05,dof2,february_2024,0.005,0.001,0,43,0,0,0,1,1500,training_data_based_dof2,,,162
mlp,16,4,0.05,tanh,512,0.05,0.,0.05,dof2,february_2024,0.005,0.001,0,43,0,0,0,1,1500,training_data_based_dof2,,,163
mlp,16,4,0.05,tanh,512,0.05,0.,0.05,dof2,february_2024,0.005,0.001,0,43,0,0,0,1,1500,training_data_based_dof2,,,164
mlp,24,4,0.05,tanh,512,0.05,0.,0.05,dof2,february_2024,0.005,0.001,0,43,0,0,0,1,1500,training_data_based_dof2,,,165
mlp,24,4,0.05,tanh,512,0.05,0.,0.05,dof2,february_2024,0.005,0.001,0,43,0,0,0,1,1500,training_data_based_dof2,,,166
mlp,24,4,0.05,tanh,512,0.05,0.,0.05,dof2,february_2024,0.005,0.001,0,43,0,0,0,1,1500,training_data_based_dof2,,,167
mlp,24,4,0.05,tanh,512,0.05,0.,0.05,dof2,february_2024,0.005,0.001,0,43,0,0,0,1,1500,training_data_based_dof2,,,168
mlp,24,4,0.05,tanh,512,0.05,0.,0.05,dof2,february_2024,0.005,0.001,0,43,0,0,0,1,1500,training_data_based_dof2,,,169
mlp,24,4,0.05,tanh,512,0.05,0.,0.05,dof2,february_2024,0.005,0.001,0,43,0,0,0,1,1500,training_data_based_dof2,,,170
mlp,24,4,0.05,tanh,512,0.05,0.,0.05,dof2,february_2024,0.005,0.001,0,43,0,0,0,1,1500,training_data_based_dof2,,,171
mlp,24,4,0.05,tanh,512,0.05,0.,0.05,dof2,february_2024,0.005,0.001,0,43,0,0,0,1,1500,training_data_based_dof2,,,172
mlp,24,4,0.05,tanh,512,0.05,0.,0.05,dof2,february_2024,0.005,0.001,0,43,0,0,0,1,1500,training_data_based_dof2,,,173
mlp,24,4,0.05,tanh,512,0.05,0.,0.05,dof2,february_2024,0.005,0.001,0,43,0,0,0,1,1500,training_data_based_dof2,,,174
mlp,24,4,0.05,tanh,512,0.05,0.,0.05,dof2,february_2024,0.005,0.001,0,43,0,0,0,1,1500,training_data_based_dof2,,,175
mlp,24,4,0.05,tanh,512,0.05,0.,0.05,dof2,february_2024,0.005,0.001,0,43,0,0,0,1,1500,training_data_based_dof2,,,176
mlp,24,4,0.05,tanh,512,0.05,0.,0.05,dof2,february_2024,0.005,0.001,0,43,0,0,0,1,1500,training_data_based_dof2,,,177
mlp,24,4,0.05,tanh,512,0.05,0.,0.05,dof2,february_2024,0.005,0.001,0,43,0,0,0,1,1500,training_data_based_dof2,,,178
mlp,24,4,0.05,tanh,512,0.05,0.,0.05,dof2,february_2024,0.005,0.001,0,43,0,0,0,1,1500,training_data_based_dof2,,,179
mlp,8,4,1.,tanh,512,0.05,0,0.05,dof2,february_2024,0.005,0.001,0,43,1,0,0,1,1500,training_transfer_learning_dof2,0,,180
mlp,8,4,1.,tanh,512,0.05,0,0.05,dof2,february_2024,0.005,0.001,0,43,1,0,0,1,1500,training_transfer_learning_dof2,1,,181
mlp,8,4,1.,tanh,512,0.05,0,0.05,dof2,february_2024,0.005,0.001,0,43,1,0,0,1,1500,training_transfer_learning_dof2,2,,182
mlp,8,4,1.,tanh,512,0.05,0,0.05,dof2,february_2024,0.005,0.001,0,43,1,0,0,1,1500,training_transfer_learning_dof2,3,,183
mlp,8,4,1.,tanh,512,0.05,0,0.05,dof2,february_2024,0.005,0.001,0,43,1,0,0,1,1500,training_transfer_learning_dof2,4,,184
mlp,8,4,1.,tanh,512,0.05,0,0.05,dof2,february_2024,0.005,0.001,0,43,1,0,0,1,1500,training_transfer_learning_dof2,5,,185
mlp,8,4,1.,tanh,512,0.05,0,0.05,dof2,february_2024,0.005,0.001,0,43,1,0,0,1,1500,training_transfer_learning_dof2,6,,186
mlp,8,4,1.,tanh,512,0.05,0,0.05,dof2,february_2024,0.005,0.001,0,43,1,0,0,1,1500,training_transfer_learning_dof2,7,,187
mlp,8,4,1.,tanh,512,0.05,0,0.05,dof2,february_2024,0.005,0.001,0,43,1,0,0,1,1500,training_transfer_learning_dof2,8,,188
mlp,8,4,1.,tanh,512,0.05,0,0.05,dof2,february_2024,0.005,0.001,0,43,1,0,0,1,1500,training_transfer_learning_dof2,9,,189
mlp,8,4,1.,tanh,512,0.05,0,0.05,dof2,february_2024,0.005,0.001,0,43,1,0,0,1,1500,training_transfer_learning_dof2,10,,190
mlp,8,4,1.,tanh,512,0.05,0,0.05,dof2,february_2024,0.005,0.001,0,43,1,0,0,1,1500,training_transfer_learning_dof2,11,,191
mlp,8,4,1.,tanh,512,0.05,0,0.05,dof2,february_2024,0.005,0.001,0,43,1,0,0,1,1500,training_transfer_learning_dof2,12,,192
mlp,8,4,1.,tanh,512,0.05,0,0.05,dof2,february_2024,0.005,0.001,0,43,1,0,0,1,1500,training_transfer_learning_dof2,13,,193
mlp,8,4,1.,tanh,512,0.05,0,0.05,dof2,february_2024,0.005,0.001,0,43,1,0,0,1,1500,training_transfer_learning_dof2,14,,194
mlp,16,4,1.,tanh,512,0.05,0,0.05,dof2,february_2024,0.005,0.001,0,43,1,0,0,1,1500,training_transfer_learning_dof2,15,,195
mlp,16,4,1.,tanh,512,0.05,0,0.05,dof2,february_2024,0.005,0.001,0,43,1,0,0,1,1500,training_transfer_learning_dof2,16,,196
mlp,16,4,1.,tanh,512,0.05,0,0.05,dof2,february_2024,0.005,0.001,0,43,1,0,0,1,1500,training_transfer_learning_dof2,17,,197
mlp,16,4,1.,tanh,512,0.05,0,0.05,dof2,february_2024,0.005,0.001,0,43,1,0,0,1,1500,training_transfer_learning_dof2,18,,198
mlp,16,4,1.,tanh,512,0.05,0,0.05,dof2,february_2024,0.005,0.001,0,43,1,0,0,1,1500,training_transfer_learning_dof2,19,,199
mlp,16,4,1.,tanh,512,0.05,0,0.05,dof2,february_2024,0.005,0.001,0,43,1,0,0,1,1500,training_transfer_learning_dof2,20,,200
mlp,16,4,1.,tanh,512,0.05,0,0.05,dof2,february_2024,0.005,0.001,0,43,1,0,0,1,1500,training_transfer_learning_dof2,21,,201
mlp,16,4,1.,tanh,512,0.05,0,0.05,dof2,february_2024,0.005,0.001,0,43,1,0,0,1,1500,training_transfer_learning_dof2,22,,202
mlp,16,4,1.,tanh,512,0.05,0,0.05,dof2,february_2024,0.005,0.001,0,43,1,0,0,1,1500,training_transfer_learning_dof2,23,,203
mlp,16,4,1.,tanh,512,0.05,0,0.05,dof2,february_2024,0.005,0.001,0,43,1,0,0,1,1500,training_transfer_learning_dof2,24,,204
mlp,16,4,1.,tanh,512,0.05,0,0.05,dof2,february_2024,0.005,0.001,0,43,1,0,0,1,1500,training_transfer_learning_dof2,25,,205
mlp,16,4,1.,tanh,512,0.05,0,0.05,dof2,february_2024,0.005,0.001,0,43,1,0,0,1,1500,training_transfer_learning_dof2,26,,206
mlp,16,4,1.,tanh,512,0.05,0,0.05,dof2,february_2024,0.005,0.001,0,43,1,0,0,1,1500,training_transfer_learning_dof2,27,,207
mlp,16,4,1.,tanh,512,0.05,0,0.05,dof2,february_2024,0.005,0.001,0,43,1,0,0,1,1500,training_transfer_learning_dof2,28,,208
mlp,16,4,1.,tanh,512,0.05,0,0.05,dof2,february_2024,0.005,0.001,0,43,1,0,0,1,1500,training_transfer_learning_dof2,29,,209
mlp,24,4,1.,tanh,512,0.05,0,0.05,dof2,february_2024,0.005,0.001,0,43,1,0,0,1,1500,training_transfer_learning_dof2,30,,210
mlp,24,4,1.,tanh,512,0.05,0,0.05,dof2,february_2024,0.005,0.001,0,43,1,0,0,1,1500,training_transfer_learning_dof2,31,,211
mlp,24,4,1.,tanh,512,0.05,0,0.05,dof2,february_2024,0.005,0.001,0,43,1,0,0,1,1500,training_transfer_learning_dof2,32,,212
mlp,24,4,1.,tanh,512,0.05,0,0.05,dof2,february_2024,0.005,0.001,0,43,1,0,0,1,1500,training_transfer_learning_dof2,33,,213
mlp,24,4,1.,tanh,512,0.05,0,0.05,dof2,february_2024,0.005,0.001,0,43,1,0,0,1,1500,training_transfer_learning_dof2,34,,214
mlp,24,4,1.,tanh,512,0.05,0,0.05,dof2,february_2024,0.005,0.001,0,43,1,0,0,1,1500,training_transfer_learning_dof2,35,,215
mlp,24,4,1.,tanh,512,0.05,0,0.05,dof2,february_2024,0.005,0.001,0,43,1,0,0,1,1500,training_transfer_learning_dof2,36,,216
mlp,24,4,1.,tanh,512,0.05,0,0.05,dof2,february_2024,0.005,0.001,0,43,1,0,0,1,1500,training_transfer_learning_dof2,37,,217
mlp,24,4,1.,tanh,512,0.05,0,0.05,dof2,february_2024,0.005,0.001,0,43,1,0,0,1,1500,training_transfer_learning_dof2,38,,218
mlp,24,4,1.,tanh,512,0.05,0,0.05,dof2,february_2024,0.005,0.001,0,43,1,0,0,1,1500,training_transfer_learning_dof2,39,,219
mlp,24,4,1.,tanh,512,0.05,0,0.05,dof2,february_2024,0.005,0.001,0,43,1,0,0,1,1500,training_transfer_learning_dof2,40,,220
mlp,24,4,1.,tanh,512,0.05,0,0.05,dof2,february_2024,0.005,0.001,0,43,1,0,0,1,1500,training_transfer_learning_dof2,41,,221
mlp,24,4,1.,tanh,512,0.05,0,0.05,dof2,february_2024,0.005,0.001,0,43,1,0,0,1,1500,training_transfer_learning_dof2,42,,222
mlp,24,4,1.,tanh,512,0.05,0,0.05,dof2,february_2024,0.005,0.001,0,43,1,0,0,1,1500,training_transfer_learning_dof2,43,,223
mlp,24,4,1.,tanh,512,0.05,0,0.05,dof2,february_2024,0.005,0.001,0,43,1,0,0,1,1500,training_transfer_learning_dof2,44,,224
mlp,8,4,0.5,tanh,512,0.05,0,0.05,dof2,february_2024,0.005,0.001,0,43,1,0,,1,1500,training_transfer_learning_dof2,0,,225
mlp,8,4,0.5,tanh,512,0.05,0,0.05,dof2,february_2024,0.005,0.001,0,43,1,0,,1,1500,training_transfer_learning_dof2,1,,226
mlp,8,4,0.5,tanh,512,0.05,0,0.05,dof2,february_2024,0.005,0.001,0,43,1,0,,1,1500,training_transfer_learning_dof2,2,,227
mlp,8,4,0.5,tanh,512,0.05,0,0.05,dof2,february_2024,0.005,0.001,0,43,1,0,,1,1500,training_transfer_learning_dof2,3,,228
mlp,8,4,0.5,tanh,512,0.05,0,0.05,dof2,february_2024,0.005,0.001,0,43,1,0,,1,1500,training_transfer_learning_dof2,4,,229
mlp,8,4,0.5,tanh,512,0.05,0,0.05,dof2,february_2024,0.005,0.001,0,43,1,0,,1,1500,training_transfer_learning_dof2,5,,230
mlp,8,4,0.5,tanh,512,0.05,0,0.05,dof2,february_2024,0.005,0.001,0,43,1,0,,1,1500,training_transfer_learning_dof2,6,,231
mlp,8,4,0.5,tanh,512,0.05,0,0.05,dof2,february_2024,0.005,0.001,0,43,1,0,,1,1500,training_transfer_learning_dof2,7,,232
mlp,8,4,0.5,tanh,512,0.05,0,0.05,dof2,february_2024,0.005,0.001,0,43,1,0,,1,1500,training_transfer_learning_dof2,8,,233
mlp,8,4,0.5,tanh,512,0.05,0,0.05,dof2,february_2024,0.005,0.001,0,43,1,0,,1,1500,training_transfer_learning_dof2,9,,234
mlp,8,4,0.5,tanh,512,0.05,0,0.05,dof2,february_2024,0.005,0.001,0,43,1,0,,1,1500,training_transfer_learning_dof2,10,,235
mlp,8,4,0.5,tanh,512,0.05,0,0.05,dof2,february_2024,0.005,0.001,0,43,1,0,,1,1500,training_transfer_learning_dof2,11,,236
mlp,8,4,0.5,tanh,512,0.05,0,0.05,dof2,february_2024,0.005,0.001,0,43,1,0,,1,1500,training_transfer_learning_dof2,12,,237
mlp,8,4,0.5,tanh,512,0.05,0,0.05,dof2,february_2024,0.005,0.001,0,43,1,0,,1,1500,training_transfer_learning_dof2,13,,238
mlp,8,4,0.5,tanh,512,0.05,0,0.05,dof2,february_2024,0.005,0.001,0,43,1,0,,1,1500,training_transfer_learning_dof2,14,,239
mlp,16,4,0.5,tanh,512,0.05,0,0.05,dof2,february_2024,0.005,0.001,0,43,1,0,,1,1500,training_transfer_learning_dof2,15,,240
mlp,16,4,0.5,tanh,512,0.05,0,0.05,dof2,february_2024,0.005,0.001,0,43,1,0,,1,1500,training_transfer_learning_dof2,16,,241
mlp,16,4,0.5,tanh,512,0.05,0,0.05,dof2,february_2024,0.005,0.001,0,43,1,0,,1,1500,training_transfer_learning_dof2,17,,242
mlp,16,4,0.5,tanh,512,0.05,0,0.05,dof2,february_2024,0.005,0.001,0,43,1,0,,1,1500,training_transfer_learning_dof2,18,,243
mlp,16,4,0.5,tanh,512,0.05,0,0.05,dof2,february_2024,0.005,0.001,0,43,1,0,,1,1500,training_transfer_learning_dof2,19,,244
mlp,16,4,0.5,tanh,512,0.05,0,0.05,dof2,february_2024,0.005,0.001,0,43,1,0,,1,1500,training_transfer_learning_dof2,20,,245
mlp,16,4,0.5,tanh,512,0.05,0,0.05,dof2,february_2024,0.005,0.001,0,43,1,0,,1,1500,training_transfer_learning_dof2,21,,246
mlp,16,4,0.5,tanh,512,0.05,0,0.05,dof2,february_2024,0.005,0.001,0,43,1,0,,1,1500,training_transfer_learning_dof2,22,,247
mlp,16,4,0.5,tanh,512,0.05,0,0.05,dof2,february_2024,0.005,0.001,0,43,1,0,,1,1500,training_transfer_learning_dof2,23,,248
mlp,16,4,0.5,tanh,512,0.05,0,0.05,dof2,february_2024,0.005,0.001,0,43,1,0,,1,1500,training_transfer_learning_dof2,24,,249
mlp,16,4,0.5,tanh,512,0.05,0,0.05,dof2,february_2024,0.005,0.001,0,43,1,0,,1,1500,training_transfer_learning_dof2,25,,250
mlp,16,4,0.5,tanh,512,0.05,0,0.05,dof2,february_2024,0.005,0.001,0,43,1,0,,1,1500,training_transfer_learning_dof2,26,,251
mlp,16,4,0.5,tanh,512,0.05,0,0.05,dof2,february_2024,0.005,0.001,0,43,1,0,,1,1500,training_transfer_learning_dof2,27,,252
mlp,16,4,0.5,tanh,512,0.05,0,0.05,dof2,february_2024,0.005,0.001,0,43,1,0,,1,1500,training_transfer_learning_dof2,28,,253
mlp,16,4,0.5,tanh,512,0.05,0,0.05,dof2,february_2024,0.005,0.001,0,43,1,0,,1,1500,training_transfer_learning_dof2,29,,254
mlp,24,4,0.5,tanh,512,0.05,0,0.05,dof2,february_2024,0.005,0.001,0,43,1,0,,1,1500,training_transfer_learning_dof2,30,,255
mlp,24,4,0.5,tanh,512,0.05,0,0.05,dof2,february_2024,0.005,0.001,0,43,1,0,,1,1500,training_transfer_learning_dof2,31,,256
mlp,24,4,0.5,tanh,512,0.05,0,0.05,dof2,february_2024,0.005,0.001,0,43,1,0,,1,1500,training_transfer_learning_dof2,32,,257
mlp,24,4,0.5,tanh,512,0.05,0,0.05,dof2,february_2024,0.005,0.001,0,43,1,0,,1,1500,training_transfer_learning_dof2,33,,258
mlp,24,4,0.5,tanh,512,0.05,0,0.05,dof2,february_2024,0.005,0.001,0,43,1,0,,1,1500,training_transfer_learning_dof2,34,,259
mlp,24,4,0.5,tanh,512,0.05,0,0.05,dof2,february_2024,0.005,0.001,0,43,1,0,,1,1500,training_transfer_learning_dof2,35,,260
mlp,24,4,0.5,tanh,512,0.05,0,0.05,dof2,february_2024,0.005,0.001,0,43,1,0,,1,1500,training_transfer_learning_dof2,36,,261
mlp,24,4,0.5,tanh,512,0.05,0,0.05,dof2,february_2024,0.005,0.001,0,43,1,0,,1,1500,training_transfer_learning_dof2,37,,262
mlp,24,4,0.5,tanh,512,0.05,0,0.05,dof2,february_2024,0.005,0.001,0,43,1,0,,1,1500,training_transfer_learning_dof2,38,,263
mlp,24,4,0.5,tanh,512,0.05,0,0.05,dof2,february_2024,0.005,0.001,0,43,1,0,,1,1500,training_transfer_learning_dof2,39,,264
mlp,24,4,0.5,tanh,512,0.05,0,0.05,dof2,february_2024,0.005,0.001,0,43,1,0,,1,1500,training_transfer_learning_dof2,40,,265
mlp,24,4,0.5,tanh,512,0.05,0,0.05,dof2,february_2024,0.005,0.001,0,43,1,0,,1,1500,training_transfer_learning_dof2,41,,266
mlp,24,4,0.5,tanh,512,0.05,0,0.05,dof2,february_2024,0.005,0.001,0,43,1,0,,1,1500,training_transfer_learning_dof2,42,,267
mlp,24,4,0.5,tanh,512,0.05,0,0.05,dof2,february_2024,0.005,0.001,0,43,1,0,,1,1500,training_transfer_learning_dof2,43,,268
mlp,24,4,0.5,tanh,512,0.05,0,0.05,dof2,february_2024,0.005,0.001,0,43,1,0,,1,1500,training_transfer_learning_dof2,44,,269
mlp,8,4,0.05,tanh,512,0.05,0,0.05,dof2,february_2024,0.005,0.001,0,43,1,0,,1,1500,training_transfer_learning_dof2,0,,270
mlp,8,4,0.05,tanh,512,0.05,0,0.05,dof2,february_2024,0.005,0.001,0,43,1,0,,1,1500,training_transfer_learning_dof2,1,,271
mlp,8,4,0.05,tanh,512,0.05,0,0.05,dof2,february_2024,0.005,0.001,0,43,1,0,,1,1500,training_transfer_learning_dof2,2,,272
mlp,8,4,0.05,tanh,512,0.05,0,0.05,dof2,february_2024,0.005,0.001,0,43,1,0,,1,1500,training_transfer_learning_dof2,3,,273
mlp,8,4,0.05,tanh,512,0.05,0,0.05,dof2,february_2024,0.005,0.001,0,43,1,0,,1,1500,training_transfer_learning_dof2,4,,274
mlp,8,4,0.05,tanh,512,0.05,0,0.05,dof2,february_2024,0.005,0.001,0,43,1,0,,1,1500,training_transfer_learning_dof2,5,,275
mlp,8,4,0.05,tanh,512,0.05,0,0.05,dof2,february_2024,0.005,0.001,0,43,1,0,,1,1500,training_transfer_learning_dof2,6,,276
mlp,8,4,0.05,tanh,512,0.05,0,0.05,dof2,february_2024,0.005,0.001,0,43,1,0,,1,1500,training_transfer_learning_dof2,7,,277
mlp,8,4,0.05,tanh,512,0.05,0,0.05,dof2,february_2024,0.005,0.001,0,43,1,0,,1,1500,training_transfer_learning_dof2,8,,278
mlp,8,4,0.05,tanh,512,0.05,0,0.05,dof2,february_2024,0.005,0.001,0,43,1,0,,1,1500,training_transfer_learning_dof2,9,,279
mlp,8,4,0.05,tanh,512,0.05,0,0.05,dof2,february_2024,0.005,0.001,0,43,1,0,,1,1500,training_transfer_learning_dof2,10,,280
mlp,8,4,0.05,tanh,512,0.05,0,0.05,dof2,february_2024,0.005,0.001,0,43,1,0,,1,1500,training_transfer_learning_dof2,11,,281
mlp,8,4,0.05,tanh,512,0.05,0,0.05,dof2,february_2024,0.005,0.001,0,43,1,0,,1,1500,training_transfer_learning_dof2,12,,282
mlp,8,4,0.05,tanh,512,0.05,0,0.05,dof2,february_2024,0.005,0.001,0,43,1,0,,1,1500,training_transfer_learning_dof2,13,,283
mlp,8,4,0.05,tanh,512,0.05,0,0.05,dof2,february_2024,0.005,0.001,0,43,1,0,,1,1500,training_transfer_learning_dof2,14,,284
mlp,16,4,0.05,tanh,512,0.05,0,0.05,dof2,february_2024,0.005,0.001,0,43,1,0,,1,1500,training_transfer_learning_dof2,15,,285
mlp,16,4,0.05,tanh,512,0.05,0,0.05,dof2,february_2024,0.005,0.001,0,43,1,0,,1,1500,training_transfer_learning_dof2,16,,286
mlp,16,4,0.05,tanh,512,0.05,0,0.05,dof2,february_2024,0.005,0.001,0,43,1,0,,1,1500,training_transfer_learning_dof2,17,,287
mlp,16,4,0.05,tanh,512,0.05,0,0.05,dof2,february_2024,0.005,0.001,0,43,1,0,,1,1500,training_transfer_learning_dof2,18,,288
mlp,16,4,0.05,tanh,512,0.05,0,0.05,dof2,february_2024,0.005,0.001,0,43,1,0,,1,1500,training_transfer_learning_dof2,19,,289
mlp,16,4,0.05,tanh,512,0.05,0,0.05,dof2,february_2024,0.005,0.001,0,43,1,0,,1,1500,training_transfer_learning_dof2,20,,290
mlp,16,4,0.05,tanh,512,0.05,0,0.05,dof2,february_2024,0.005,0.001,0,43,1,0,,1,1500,training_transfer_learning_dof2,21,,291
mlp,16,4,0.05,tanh,512,0.05,0,0.05,dof2,february_2024,0.005,0.001,0,43,1,0,,1,1500,training_transfer_learning_dof2,22,,292
mlp,16,4,0.05,tanh,512,0.05,0,0.05,dof2,february_2024,0.005,0.001,0,43,1,0,,1,1500,training_transfer_learning_dof2,23,,293
mlp,16,4,0.05,tanh,512,0.05,0,0.05,dof2,february_2024,0.005,0.001,0,43,1,0,,1,1500,training_transfer_learning_dof2,24,,294
mlp,16,4,0.05,tanh,512,0.05,0,0.05,dof2,february_2024,0.005,0.001,0,43,1,0,,1,1500,training_transfer_learning_dof2,25,,295
mlp,16,4,0.05,tanh,512,0.05,0,0.05,dof2,february_2024,0.005,0.001,0,43,1,0,,1,1500,training_transfer_learning_dof2,26,,296
mlp,16,4,0.05,tanh,512,0.05,0,0.05,dof2,february_2024,0.005,0.001,0,43,1,0,,1,1500,training_transfer_learning_dof2,27,,297
mlp,16,4,0.05,tanh,512,0.05,0,0.05,dof2,february_2024,0.005,0.001,0,43,1,0,,1,1500,training_transfer_learning_dof2,28,,298
mlp,16,4,0.05,tanh,512,0.05,0,0.05,dof2,february_2024,0.005,0.001,0,43,1,0,,1,1500,training_transfer_learning_dof2,29,,299
mlp,24,4,0.05,tanh,512,0.05,0,0.05,dof2,february_2024,0.005,0.001,0,43,1,0,,1,1500,training_transfer_learning_dof2,30,,300
mlp,24,4,0.05,tanh,512,0.05,0,0.05,dof2,february_2024,0.005,0.001,0,43,1,0,,1,1500,training_transfer_learning_dof2,31,,301
mlp,24,4,0.05,tanh,512,0.05,0,0.05,dof2,february_2024,0.005,0.001,0,43,1,0,,1,1500,training_transfer_learning_dof2,32,,302
mlp,24,4,0.05,tanh,512,0.05,0,0.05,dof2,february_2024,0.005,0.001,0,43,1,0,,1,1500,training_transfer_learning_dof2,33,,303
mlp,24,4,0.05,tanh,512,0.05,0,0.05,dof2,february_2024,0.005,0.001,0,43,1,0,,1,1500,training_transfer_learning_dof2,34,,304
mlp,24,4,0.05,tanh,512,0.05,0,0.05,dof2,february_2024,0.005,0.001,0,43,1,0,,1,1500,training_transfer_learning_dof2,35,,305
mlp,24,4,0.05,tanh,512,0.05,0,0.05,dof2,february_2024,0.005,0.001,0,43,1,0,,1,1500,training_transfer_learning_dof2,36,,306
mlp,24,4,0.05,tanh,512,0.05,0,0.05,dof2,february_2024,0.005,0.001,0,43,1,0,,1,1500,training_transfer_learning_dof2,37,,307
mlp,24,4,0.05,tanh,512,0.05,0,0.05,dof2,february_2024,0.005,0.001,0,43,1,0,,1,1500,training_transfer_learning_dof2,38,,308
mlp,24,4,0.05,tanh,512,0.05,0,0.05,dof2,february_2024,0.005,0.001,0,43,1,0,,1,1500,training_transfer_learning_dof2,39,,309
mlp,24,4,0.05,tanh,512,0.05,0,0.05,dof2,february_2024,0.005,0.001,0,43,1,0,,1,1500,training_transfer_learning_dof2,40,,310
mlp,24,4,0.05,tanh,512,0.05,0,0.05,dof2,february_2024,0.005,0.001,0,43,1,0,,1,1500,training_transfer_learning_dof2,41,,311
mlp,24,4,0.05,tanh,512,0.05,0,0.05,dof2,february_2024,0.005,0.001,0,43,1,0,,1,1500,training_transfer_learning_dof2,42,,312
mlp,24,4,0.05,tanh,512,0.05,0,0.05,dof2,february_2024,0.005,0.001,0,43,1,0,,1,1500,training_transfer_learning_dof2,43,,313
mlp,24,4,0.05,tanh,512,0.05,0,0.05,dof2,february_2024,0.005,0.001,0,43,1,0,,1,1500,training_transfer_learning_dof2,44,,314
discrepancy,8,4,0.5,tanh,512,0.05,0.,0.05,dof2,february_2024,0.005,0.001,0,43,0,0,0,1,1500,training_discrepancy_dof2,0,,315
discrepancy,8,4,0.5,tanh,512,0.05,0.,0.05,dof2,february_2024,0.005,0.001,0,43,0,0,0,1,1500,training_discrepancy_dof2,1,,316
discrepancy,8,4,0.5,tanh,512,0.05,0.,0.05,dof2,february_2024,0.005,0.001,0,43,0,0,0,1,1500,training_discrepancy_dof2,2,,317
discrepancy,8,4,0.5,tanh,512,0.05,0.,0.05,dof2,february_2024,0.005,0.001,0,43,0,0,0,1,1500,training_discrepancy_dof2,3,,318
discrepancy,8,4,0.5,tanh,512,0.05,0.,0.05,dof2,february_2024,0.005,0.001,0,43,0,0,0,1,1500,training_discrepancy_dof2,4,,319
discrepancy,8,4,0.5,tanh,512,0.05,0.,0.05,dof2,february_2024,0.005,0.001,0,43,0,0,0,1,1500,training_discrepancy_dof2,5,,320
discrepancy,8,4,0.5,tanh,512,0.05,0.,0.05,dof2,february_2024,0.005,0.001,0,43,0,0,0,1,1500,training_discrepancy_dof2,6,,321
discrepancy,8,4,0.5,tanh,512,0.05,0.,0.05,dof2,february_2024,0.005,0.001,0,43,0,0,0,1,1500,training_discrepancy_dof2,7,,322
discrepancy,8,4,0.5,tanh,512,0.05,0.,0.05,dof2,february_2024,0.005,0.001,0,43,0,0,0,1,1500,training_discrepancy_dof2,8,,323
discrepancy,8,4,0.5,tanh,512,0.05,0.,0.05,dof2,february_2024,0.005,0.001,0,43,0,0,0,1,1500,training_discrepancy_dof2,9,,324
discrepancy,8,4,0.5,tanh,512,0.05,0.,0.05,dof2,february_2024,0.005,0.001,0,43,0,0,0,1,1500,training_discrepancy_dof2,10,,325
discrepancy,8,4,0.5,tanh,512,0.05,0.,0.05,dof2,february_2024,0.005,0.001,0,43,0,0,0,1,1500,training_discrepancy_dof2,11,,326
discrepancy,8,4,0.5,tanh,512,0.05,0.,0.05,dof2,february_2024,0.005,0.001,0,43,0,0,0,1,1500,training_discrepancy_dof2,12,,327
discrepancy,8,4,0.5,tanh,512,0.05,0.,0.05,dof2,february_2024,0.005,0.001,0,43,0,0,0,1,1500,training_discrepancy_dof2,13,,328
discrepancy,8,4,0.5,tanh,512,0.05,0.,0.05,dof2,february_2024,0.005,0.001,0,43,0,0,0,1,1500,training_discrepancy_dof2,14,,329
discrepancy,16,4,0.5,tanh,512,0.05,0.,0.05,dof2,february_2024,0.005,0.001,0,43,0,0,0,1,1500,training_discrepancy_dof2,0,,330
discrepancy,16,4,0.5,tanh,512,0.05,0.,0.05,dof2,february_2024,0.005,0.001,0,43,0,0,0,1,1500,training_discrepancy_dof2,1,,331
discrepancy,16,4,0.5,tanh,512,0.05,0.,0.05,dof2,february_2024,0.005,0.001,0,43,0,0,0,1,1500,training_discrepancy_dof2,2,,332
discrepancy,16,4,0.5,tanh,512,0.05,0.,0.05,dof2,february_2024,0.005,0.001,0,43,0,0,0,1,1500,training_discrepancy_dof2,3,,333
discrepancy,16,4,0.5,tanh,512,0.05,0.,0.05,dof2,february_2024,0.005,0.001,0,43,0,0,0,1,1500,training_discrepancy_dof2,4,,334
discrepancy,16,4,0.5,tanh,512,0.05,0.,0.05,dof2,february_2024,0.005,0.001,0,43,0,0,0,1,1500,training_discrepancy_dof2,5,,335
discrepancy,16,4,0.5,tanh,512,0.05,0.,0.05,dof2,february_2024,0.005,0.001,0,43,0,0,0,1,1500,training_discrepancy_dof2,6,,336
discrepancy,16,4,0.5,tanh,512,0.05,0.,0.05,dof2,february_2024,0.005,0.001,0,43,0,0,0,1,1500,training_discrepancy_dof2,7,,337
discrepancy,16,4,0.5,tanh,512,0.05,0.,0.05,dof2,february_2024,0.005,0.001,0,43,0,0,0,1,1500,training_discrepancy_dof2,8,,338
discrepancy,16,4,0.5,tanh,512,0.05,0.,0.05,dof2,february_2024,0.005,0.001,0,43,0,0,0,1,1500,training_discrepancy_dof2,9,,339
discrepancy,16,4,0.5,tanh,512,0.05,0.,0.05,dof2,february_2024,0.005,0.001,0,43,0,0,0,1,1500,training_discrepancy_dof2,10,,340
discrepancy,16,4,0.5,tanh,512,0.05,0.,0.05,dof2,february_2024,0.005,0.001,0,43,0,0,0,1,1500,training_discrepancy_dof2,11,,341
discrepancy,16,4,0.5,tanh,512,0.05,0.,0.05,dof2,february_2024,0.005,0.001,0,43,0,0,0,1,1500,training_discrepancy_dof2,12,,342
discrepancy,16,4,0.5,tanh,512,0.05,0.,0.05,dof2,february_2024,0.005,0.001,0,43,0,0,0,1,1500,training_discrepancy_dof2,13,,343
discrepancy,16,4,0.5,tanh,512,0.05,0.,0.05,dof2,february_2024,0.005,0.001,0,43,0,0,0,1,1500,training_discrepancy_dof2,14,,344
discrepancy,24,4,0.5,tanh,512,0.05,0.,0.05,dof2,february_2024,0.005,0.001,0,43,0,0,0,1,1500,training_discrepancy_dof2,0,,345
discrepancy,24,4,0.5,tanh,512,0.05,0.,0.05,dof2,february_2024,0.005,0.001,0,43,0,0,0,1,1500,training_discrepancy_dof2,1,,346
discrepancy,24,4,0.5,tanh,512,0.05,0.,0.05,dof2,february_2024,0.005,0.001,0,43,0,0,0,1,1500,training_discrepancy_dof2,2,,347
discrepancy,24,4,0.5,tanh,512,0.05,0.,0.05,dof2,february_2024,0.005,0.001,0,43,0,0,0,1,1500,training_discrepancy_dof2,3,,348
discrepancy,24,4,0.5,tanh,512,0.05,0.,0.05,dof2,february_2024,0.005,0.001,0,43,0,0,0,1,1500,training_discrepancy_dof2,4,,349
discrepancy,24,4,0.5,tanh,512,0.05,0.,0.05,dof2,february_2024,0.005,0.001,0,43,0,0,0,1,1500,training_discrepancy_dof2,5,,350
discrepancy,24,4,0.5,tanh,512,0.05,0.,0.05,dof2,february_2024,0.005,0.001,0,43,0,0,0,1,1500,training_discrepancy_dof2,6,,351
discrepancy,24,4,0.5,tanh,512,0.05,0.,0.05,dof2,february_2024,0.005,0.001,0,43,0,0,0,1,1500,training_discrepancy_dof2,7,,352
discrepancy,24,4,0.5,tanh,512,0.05,0.,0.05,dof2,february_2024,0.005,0.001,0,43,0,0,0,1,1500,training_discrepancy_dof2,8,,353
discrepancy,24,4,0.5,tanh,512,0.05,0.,0.05,dof2,february_2024,0.005,0.001,0,43,0,0,0,1,1500,training_discrepancy_dof2,9,,354
discrepancy,24,4,0.5,tanh,512,0.05,0.,0.05,dof2,february_2024,0.005,0.001,0,43,0,0,0,1,1500,training_discrepancy_dof2,10,,355
discrepancy,24,4,0.5,tanh,512,0.05,0.,0.05,dof2,february_2024,0.005,0.001,0,43,0,0,0,1,1500,training_discrepancy_dof2,11,,356
discrepancy,24,4,0.5,tanh,512,0.05,0.,0.05,dof2,february_2024,0.005,0.001,0,43,0,0,0,1,1500,training_discrepancy_dof2,12,,357
discrepancy,24,4,0.5,tanh,512,0.05,0.,0.05,dof2,february_2024,0.005,0.001,0,43,0,0,0,1,1500,training_discrepancy_dof2,13,,358
discrepancy,24,4,0.5,tanh,512,0.05,0.,0.05,dof2,february_2024,0.005,0.001,0,43,0,0,0,1,1500,training_discrepancy_dof2,14,,359
discrepancy,8,4,0.05,tanh,512,0.05,0.,0.05,dof2,february_2024,0.005,0.001,0,43,0,0,0,1,1500,training_discrepancy_dof2,0,,360
discrepancy,8,4,0.05,tanh,512,0.05,0.,0.05,dof2,february_2024,0.005,0.001,0,43,0,0,0,1,1500,training_discrepancy_dof2,1,,361
discrepancy,8,4,0.05,tanh,512,0.05,0.,0.05,dof2,february_2024,0.005,0.001,0,43,0,0,0,1,1500,training_discrepancy_dof2,2,,362
discrepancy,8,4,0.05,tanh,512,0.05,0.,0.05,dof2,february_2024,0.005,0.001,0,43,0,0,0,1,1500,training_discrepancy_dof2,3,,363
discrepancy,8,4,0.05,tanh,512,0.05,0.,0.05,dof2,february_2024,0.005,0.001,0,43,0,0,0,1,1500,training_discrepancy_dof2,4,,364
discrepancy,8,4,0.05,tanh,512,0.05,0.,0.05,dof2,february_2024,0.005,0.001,0,43,0,0,0,1,1500,training_discrepancy_dof2,5,,365
discrepancy,8,4,0.05,tanh,512,0.05,0.,0.05,dof2,february_2024,0.005,0.001,0,43,0,0,0,1,1500,training_discrepancy_dof2,6,,366
discrepancy,8,4,0.05,tanh,512,0.05,0.,0.05,dof2,february_2024,0.005,0.001,0,43,0,0,0,1,1500,training_discrepancy_dof2,7,,367
discrepancy,8,4,0.05,tanh,512,0.05,0.,0.05,dof2,february_2024,0.005,0.001,0,43,0,0,0,1,1500,training_discrepancy_dof2,8,,368
discrepancy,8,4,0.05,tanh,512,0.05,0.,0.05,dof2,february_2024,0.005,0.001,0,43,0,0,0,1,1500,training_discrepancy_dof2,9,,369
discrepancy,8,4,0.05,tanh,512,0.05,0.,0.05,dof2,february_2024,0.005,0.001,0,43,0,0,0,1,1500,training_discrepancy_dof2,10,,370
discrepancy,8,4,0.05,tanh,512,0.05,0.,0.05,dof2,february_2024,0.005,0.001,0,43,0,0,0,1,1500,training_discrepancy_dof2,11,,371
discrepancy,8,4,0.05,tanh,512,0.05,0.,0.05,dof2,february_2024,0.005,0.001,0,43,0,0,0,1,1500,training_discrepancy_dof2,12,,372
discrepancy,8,4,0.05,tanh,512,0.05,0.,0.05,dof2,february_2024,0.005,0.001,0,43,0,0,0,1,1500,training_discrepancy_dof2,13,,373
discrepancy,8,4,0.05,tanh,512,0.05,0.,0.05,dof2,february_2024,0.005,0.001,0,43,0,0,0,1,1500,training_discrepancy_dof2,14,,374
discrepancy,16,4,0.05,tanh,512,0.05,0.,0.05,dof2,february_2024,0.005,0.001,0,43,0,0,0,1,1500,training_discrepancy_dof2,0,,375
discrepancy,16,4,0.05,tanh,512,0.05,0.,0.05,dof2,february_2024,0.005,0.001,0,43,0,0,0,1,1500,training_discrepancy_dof2,1,,376
discrepancy,16,4,0.05,tanh,512,0.05,0.,0.05,dof2,february_2024,0.005,0.001,0,43,0,0,0,1,1500,training_discrepancy_dof2,2,,377
discrepancy,16,4,0.05,tanh,512,0.05,0.,0.05,dof2,february_2024,0.005,0.001,0,43,0,0,0,1,1500,training_discrepancy_dof2,3,,378
discrepancy,16,4,0.05,tanh,512,0.05,0.,0.05,dof2,february_2024,0.005,0.001,0,43,0,0,0,1,1500,training_discrepancy_dof2,4,,379
discrepancy,16,4,0.05,tanh,512,0.05,0.,0.05,dof2,february_2024,0.005,0.001,0,43,0,0,0,1,1500,training_discrepancy_dof2,5,,380
discrepancy,16,4,0.05,tanh,512,0.05,0.,0.05,dof2,february_2024,0.005,0.001,0,43,0,0,0,1,1500,training_discrepancy_dof2,6,,381
discrepancy,16,4,0.05,tanh,512,0.05,0.,0.05,dof2,february_2024,0.005,0.001,0,43,0,0,0,1,1500,training_discrepancy_dof2,7,,382
discrepancy,16,4,0.05,tanh,512,0.05,0.,0.05,dof2,february_2024,0.005,0.001,0,43,0,0,0,1,1500,training_discrepancy_dof2,8,,383
discrepancy,16,4,0.05,tanh,512,0.05,0.,0.05,dof2,february_2024,0.005,0.001,0,43,0,0,0,1,1500,training_discrepancy_dof2,9,,384
discrepancy,16,4,0.05,tanh,512,0.05,0.,0.05,dof2,february_2024,0.005,0.001,0,43,0,0,0,1,1500,training_discrepancy_dof2,10,,385
discrepancy,16,4,0.05,tanh,512,0.05,0.,0.05,dof2,february_2024,0.005,0.001,0,43,0,0,0,1,1500,training_discrepancy_dof2,11,,386
discrepancy,16,4,0.05,tanh,512,0.05,0.,0.05,dof2,february_2024,0.005,0.001,0,43,0,0,0,1,1500,training_discrepancy_dof2,12,,387
discrepancy,16,4,0.05,tanh,512,0.05,0.,0.05,dof2,february_2024,0.005,0.001,0,43,0,0,0,1,1500,training_discrepancy_dof2,13,,388
discrepancy,16,4,0.05,tanh,512,0.05,0.,0.05,dof2,february_2024,0.005,0.001,0,43,0,0,0,1,1500,training_discrepancy_dof2,14,,389
discrepancy,24,4,0.05,tanh,512,0.05,0.,0.05,dof2,february_2024,0.005,0.001,0,43,0,0,0,1,1500,training_discrepancy_dof2,0,,390
discrepancy,24,4,0.05,tanh,512,0.05,0.,0.05,dof2,february_2024,0.005,0.001,0,43,0,0,0,1,1500,training_discrepancy_dof2,1,,391
discrepancy,24,4,0.05,tanh,512,0.05,0.,0.05,dof2,february_2024,0.005,0.001,0,43,0,0,0,1,1500,training_discrepancy_dof2,2,,392
discrepancy,24,4,0.05,tanh,512,0.05,0.,0.05,dof2,february_2024,0.005,0.001,0,43,0,0,0,1,1500,training_discrepancy_dof2,3,,393
discrepancy,24,4,0.05,tanh,512,0.05,0.,0.05,dof2,february_2024,0.005,0.001,0,43,0,0,0,1,1500,training_discrepancy_dof2,4,,394
discrepancy,24,4,0.05,tanh,512,0.05,0.,0.05,dof2,february_2024,0.005,0.001,0,43,0,0,0,1,1500,training_discrepancy_dof2,5,,395
discrepancy,24,4,0.05,tanh,512,0.05,0.,0.05,dof2,february_2024,0.005,0.001,0,43,0,0,0,1,1500,training_discrepancy_dof2,6,,396
discrepancy,24,4,0.05,tanh,512,0.05,0.,0.05,dof2,february_2024,0.005,0.001,0,43,0,0,0,1,1500,training_discrepancy_dof2,7,,397
discrepancy,24,4,0.05,tanh,512,0.05,0.,0.05,dof2,february_2024,0.005,0.001,0,43,0,0,0,1,1500,training_discrepancy_dof2,8,,398
discrepancy,24,4,0.05,tanh,512,0.05,0.,0.05,dof2,february_2024,0.005,0.001,0,43,0,0,0,1,1500,training_discrepancy_dof2,9,,399
discrepancy,24,4,0.05,tanh,512,0.05,0.,0.05,dof2,february_2024,0.005,0.001,0,43,0,0,0,1,1500,training_discrepancy_dof2,10,,400
discrepancy,24,4,0.05,tanh,512,0.05,0.,0.05,dof2,february_2024,0.005,0.001,0,43,0,0,0,1,1500,training_discrepancy_dof2,11,,401
discrepancy,24,4,0.05,tanh,512,0.05,0.,0.05,dof2,february_2024,0.005,0.001,0,43,0,0,0,1,1500,training_discrepancy_dof2,12,,402
discrepancy,24,4,0.05,tanh,512,0.05,0.,0.05,dof2,february_2024,0.005,0.001,0,43,0,0,0,1,1500,training_discrepancy_dof2,13,,403
discrepancy,24,4,0.05,tanh,512,0.05,0.,0.05,dof2,february_2024,0.005,0.001,0,43,0,0,0,1,1500,training_discrepancy_dof2,14,,404
