,model,nb_neurones_per_layers,nb_layers,future_temporal_horizon,activation,batchsize,future_delay,smoothing,subsampling_dt,state_configuration,data,data_dt,learning_rate,nb_collocations,seed,transfer_learning,train_on_collocation,ensemble_collocation,early_stopping,nb_epochs,training_name,pretrained_idx,status,training_idx
0,mlp,8,4,1.0,tanh,512,0.05,0.0,0.05,dof2,february_2024,0.005,0.001,50000,43,0,1,1.0,0,1500,training_pretrainned_dof2,,,0
1,mlp,8,4,1.0,tanh,512,0.05,0.0,0.05,dof2,february_2024,0.005,0.001,50000,43,0,1,1.0,0,1500,training_pretrainned_dof2,,,1
2,mlp,8,4,1.0,tanh,512,0.05,0.0,0.05,dof2,february_2024,0.005,0.001,50000,43,0,1,1.0,0,1500,training_pretrainned_dof2,,,2
3,mlp,8,4,1.0,tanh,512,0.05,0.0,0.05,dof2,february_2024,0.005,0.001,50000,43,0,1,1.0,0,1500,training_pretrainned_dof2,,,3
4,mlp,8,4,1.0,tanh,512,0.05,0.0,0.05,dof2,february_2024,0.005,0.001,50000,43,0,1,1.0,0,1500,training_pretrainned_dof2,,,4
5,mlp,8,4,1.0,tanh,512,0.05,0.0,0.05,dof2,february_2024,0.005,0.001,50000,43,0,1,1.0,0,1500,training_pretrainned_dof2,,,5
6,mlp,8,4,1.0,tanh,512,0.05,0.0,0.05,dof2,february_2024,0.005,0.001,50000,43,0,1,1.0,0,1500,training_pretrainned_dof2,,,6
7,mlp,8,4,1.0,tanh,512,0.05,0.0,0.05,dof2,february_2024,0.005,0.001,50000,43,0,1,1.0,0,1500,training_pretrainned_dof2,,,7
8,mlp,8,4,1.0,tanh,512,0.05,0.0,0.05,dof2,february_2024,0.005,0.001,50000,43,0,1,1.0,0,1500,training_pretrainned_dof2,,,8
9,mlp,8,4,1.0,tanh,512,0.05,0.0,0.05,dof2,february_2024,0.005,0.001,50000,43,0,1,1.0,0,1500,training_pretrainned_dof2,,,9
10,mlp,8,4,1.0,tanh,512,0.05,0.0,0.05,dof2,february_2024,0.005,0.001,50000,43,0,1,1.0,0,1500,training_pretrainned_dof2,,,10
11,mlp,8,4,1.0,tanh,512,0.05,0.0,0.05,dof2,february_2024,0.005,0.001,50000,43,0,1,1.0,0,1500,training_pretrainned_dof2,,,11
12,mlp,8,4,1.0,tanh,512,0.05,0.0,0.05,dof2,february_2024,0.005,0.001,50000,43,0,1,1.0,0,1500,training_pretrainned_dof2,,,12
13,mlp,8,4,1.0,tanh,512,0.05,0.0,0.05,dof2,february_2024,0.005,0.001,50000,43,0,1,1.0,0,1500,training_pretrainned_dof2,,,13
14,mlp,8,4,1.0,tanh,512,0.05,0.0,0.05,dof2,february_2024,0.005,0.001,50000,43,0,1,1.0,0,1500,training_pretrainned_dof2,,,14
15,mlp,16,4,1.0,tanh,512,0.05,0.0,0.05,dof2,february_2024,0.005,0.001,50000,43,0,1,1.0,0,1500,training_pretrainned_dof2,,,15
16,mlp,16,4,1.0,tanh,512,0.05,0.0,0.05,dof2,february_2024,0.005,0.001,50000,43,0,1,1.0,0,1500,training_pretrainned_dof2,,,16
17,mlp,16,4,1.0,tanh,512,0.05,0.0,0.05,dof2,february_2024,0.005,0.001,50000,43,0,1,1.0,0,1500,training_pretrainned_dof2,,,17
18,mlp,16,4,1.0,tanh,512,0.05,0.0,0.05,dof2,february_2024,0.005,0.001,50000,43,0,1,1.0,0,1500,training_pretrainned_dof2,,,18
19,mlp,16,4,1.0,tanh,512,0.05,0.0,0.05,dof2,february_2024,0.005,0.001,50000,43,0,1,1.0,0,1500,training_pretrainned_dof2,,,19
20,mlp,16,4,1.0,tanh,512,0.05,0.0,0.05,dof2,february_2024,0.005,0.001,50000,43,0,1,1.0,0,1500,training_pretrainned_dof2,,,20
21,mlp,16,4,1.0,tanh,512,0.05,0.0,0.05,dof2,february_2024,0.005,0.001,50000,43,0,1,1.0,0,1500,training_pretrainned_dof2,,,21
22,mlp,16,4,1.0,tanh,512,0.05,0.0,0.05,dof2,february_2024,0.005,0.001,50000,43,0,1,1.0,0,1500,training_pretrainned_dof2,,,22
23,mlp,16,4,1.0,tanh,512,0.05,0.0,0.05,dof2,february_2024,0.005,0.001,50000,43,0,1,1.0,0,1500,training_pretrainned_dof2,,,23
24,mlp,16,4,1.0,tanh,512,0.05,0.0,0.05,dof2,february_2024,0.005,0.001,50000,43,0,1,1.0,0,1500,training_pretrainned_dof2,,,24
25,mlp,16,4,1.0,tanh,512,0.05,0.0,0.05,dof2,february_2024,0.005,0.001,50000,43,0,1,1.0,0,1500,training_pretrainned_dof2,,,25
26,mlp,16,4,1.0,tanh,512,0.05,0.0,0.05,dof2,february_2024,0.005,0.001,50000,43,0,1,1.0,0,1500,training_pretrainned_dof2,,,26
27,mlp,16,4,1.0,tanh,512,0.05,0.0,0.05,dof2,february_2024,0.005,0.001,50000,43,0,1,1.0,0,1500,training_pretrainned_dof2,,,27
28,mlp,16,4,1.0,tanh,512,0.05,0.0,0.05,dof2,february_2024,0.005,0.001,50000,43,0,1,1.0,0,1500,training_pretrainned_dof2,,,28
29,mlp,16,4,1.0,tanh,512,0.05,0.0,0.05,dof2,february_2024,0.005,0.001,50000,43,0,1,1.0,0,1500,training_pretrainned_dof2,,,29
30,mlp,24,4,1.0,tanh,512,0.05,0.0,0.05,dof2,february_2024,0.005,0.001,50000,43,0,1,1.0,0,1500,training_pretrainned_dof2,,,30
31,mlp,24,4,1.0,tanh,512,0.05,0.0,0.05,dof2,february_2024,0.005,0.001,50000,43,0,1,1.0,0,1500,training_pretrainned_dof2,,,31
32,mlp,24,4,1.0,tanh,512,0.05,0.0,0.05,dof2,february_2024,0.005,0.001,50000,43,0,1,1.0,0,1500,training_pretrainned_dof2,,,32
33,mlp,24,4,1.0,tanh,512,0.05,0.0,0.05,dof2,february_2024,0.005,0.001,50000,43,0,1,1.0,0,1500,training_pretrainned_dof2,,,33
34,mlp,24,4,1.0,tanh,512,0.05,0.0,0.05,dof2,february_2024,0.005,0.001,50000,43,0,1,1.0,0,1500,training_pretrainned_dof2,,,34
35,mlp,24,4,1.0,tanh,512,0.05,0.0,0.05,dof2,february_2024,0.005,0.001,50000,43,0,1,1.0,0,1500,training_pretrainned_dof2,,,35
36,mlp,24,4,1.0,tanh,512,0.05,0.0,0.05,dof2,february_2024,0.005,0.001,50000,43,0,1,1.0,0,1500,training_pretrainned_dof2,,,36
37,mlp,24,4,1.0,tanh,512,0.05,0.0,0.05,dof2,february_2024,0.005,0.001,50000,43,0,1,1.0,0,1500,training_pretrainned_dof2,,,37
38,mlp,24,4,1.0,tanh,512,0.05,0.0,0.05,dof2,february_2024,0.005,0.001,50000,43,0,1,1.0,0,1500,training_pretrainned_dof2,,,38
39,mlp,24,4,1.0,tanh,512,0.05,0.0,0.05,dof2,february_2024,0.005,0.001,50000,43,0,1,1.0,0,1500,training_pretrainned_dof2,,,39
40,mlp,24,4,1.0,tanh,512,0.05,0.0,0.05,dof2,february_2024,0.005,0.001,50000,43,0,1,1.0,0,1500,training_pretrainned_dof2,,,40
41,mlp,24,4,1.0,tanh,512,0.05,0.0,0.05,dof2,february_2024,0.005,0.001,50000,43,0,1,1.0,0,1500,training_pretrainned_dof2,,,41
42,mlp,24,4,1.0,tanh,512,0.05,0.0,0.05,dof2,february_2024,0.005,0.001,50000,43,0,1,1.0,0,1500,training_pretrainned_dof2,,,42
43,mlp,24,4,1.0,tanh,512,0.05,0.0,0.05,dof2,february_2024,0.005,0.001,50000,43,0,1,1.0,0,1500,training_pretrainned_dof2,,,43
44,mlp,24,4,1.0,tanh,512,0.05,0.0,0.05,dof2,february_2024,0.005,0.001,50000,43,0,1,1.0,0,1500,training_pretrainned_dof2,,,44
45,mlp,8,4,1.0,tanh,512,0.05,0.0,0.05,dof2,february_2024,0.005,0.001,0,43,0,0,0.0,1,1500,training_data_based_dof2,,,45
46,mlp,8,4,1.0,tanh,512,0.05,0.0,0.05,dof2,february_2024,0.005,0.001,0,43,0,0,0.0,1,1500,training_data_based_dof2,,,46
47,mlp,8,4,1.0,tanh,512,0.05,0.0,0.05,dof2,february_2024,0.005,0.001,0,43,0,0,0.0,1,1500,training_data_based_dof2,,,47
48,mlp,8,4,1.0,tanh,512,0.05,0.0,0.05,dof2,february_2024,0.005,0.001,0,43,0,0,0.0,1,1500,training_data_based_dof2,,,48
49,mlp,8,4,1.0,tanh,512,0.05,0.0,0.05,dof2,february_2024,0.005,0.001,0,43,0,0,0.0,1,1500,training_data_based_dof2,,,49
50,mlp,8,4,1.0,tanh,512,0.05,0.0,0.05,dof2,february_2024,0.005,0.001,0,43,0,0,0.0,1,1500,training_data_based_dof2,,,50
51,mlp,8,4,1.0,tanh,512,0.05,0.0,0.05,dof2,february_2024,0.005,0.001,0,43,0,0,0.0,1,1500,training_data_based_dof2,,,51
52,mlp,8,4,1.0,tanh,512,0.05,0.0,0.05,dof2,february_2024,0.005,0.001,0,43,0,0,0.0,1,1500,training_data_based_dof2,,,52
53,mlp,8,4,1.0,tanh,512,0.05,0.0,0.05,dof2,february_2024,0.005,0.001,0,43,0,0,0.0,1,1500,training_data_based_dof2,,,53
54,mlp,8,4,1.0,tanh,512,0.05,0.0,0.05,dof2,february_2024,0.005,0.001,0,43,0,0,0.0,1,1500,training_data_based_dof2,,,54
55,mlp,8,4,1.0,tanh,512,0.05,0.0,0.05,dof2,february_2024,0.005,0.001,0,43,0,0,0.0,1,1500,training_data_based_dof2,,,55
56,mlp,8,4,1.0,tanh,512,0.05,0.0,0.05,dof2,february_2024,0.005,0.001,0,43,0,0,0.0,1,1500,training_data_based_dof2,,,56
57,mlp,8,4,1.0,tanh,512,0.05,0.0,0.05,dof2,february_2024,0.005,0.001,0,43,0,0,0.0,1,1500,training_data_based_dof2,,,57
58,mlp,8,4,1.0,tanh,512,0.05,0.0,0.05,dof2,february_2024,0.005,0.001,0,43,0,0,0.0,1,1500,training_data_based_dof2,,,58
59,mlp,8,4,1.0,tanh,512,0.05,0.0,0.05,dof2,february_2024,0.005,0.001,0,43,0,0,0.0,1,1500,training_data_based_dof2,,,59
60,mlp,16,4,1.0,tanh,512,0.05,0.0,0.05,dof2,february_2024,0.005,0.001,0,43,0,0,0.0,1,1500,training_data_based_dof2,,,60
61,mlp,16,4,1.0,tanh,512,0.05,0.0,0.05,dof2,february_2024,0.005,0.001,0,43,0,0,0.0,1,1500,training_data_based_dof2,,,61
62,mlp,16,4,1.0,tanh,512,0.05,0.0,0.05,dof2,february_2024,0.005,0.001,0,43,0,0,0.0,1,1500,training_data_based_dof2,,,62
63,mlp,16,4,1.0,tanh,512,0.05,0.0,0.05,dof2,february_2024,0.005,0.001,0,43,0,0,0.0,1,1500,training_data_based_dof2,,,63
64,mlp,16,4,1.0,tanh,512,0.05,0.0,0.05,dof2,february_2024,0.005,0.001,0,43,0,0,0.0,1,1500,training_data_based_dof2,,,64
65,mlp,16,4,1.0,tanh,512,0.05,0.0,0.05,dof2,february_2024,0.005,0.001,0,43,0,0,0.0,1,1500,training_data_based_dof2,,,65
66,mlp,16,4,1.0,tanh,512,0.05,0.0,0.05,dof2,february_2024,0.005,0.001,0,43,0,0,0.0,1,1500,training_data_based_dof2,,,66
67,mlp,16,4,1.0,tanh,512,0.05,0.0,0.05,dof2,february_2024,0.005,0.001,0,43,0,0,0.0,1,1500,training_data_based_dof2,,,67
68,mlp,16,4,1.0,tanh,512,0.05,0.0,0.05,dof2,february_2024,0.005,0.001,0,43,0,0,0.0,1,1500,training_data_based_dof2,,,68
69,mlp,16,4,1.0,tanh,512,0.05,0.0,0.05,dof2,february_2024,0.005,0.001,0,43,0,0,0.0,1,1500,training_data_based_dof2,,,69
70,mlp,16,4,1.0,tanh,512,0.05,0.0,0.05,dof2,february_2024,0.005,0.001,0,43,0,0,0.0,1,1500,training_data_based_dof2,,,70
71,mlp,16,4,1.0,tanh,512,0.05,0.0,0.05,dof2,february_2024,0.005,0.001,0,43,0,0,0.0,1,1500,training_data_based_dof2,,,71
72,mlp,16,4,1.0,tanh,512,0.05,0.0,0.05,dof2,february_2024,0.005,0.001,0,43,0,0,0.0,1,1500,training_data_based_dof2,,,72
73,mlp,16,4,1.0,tanh,512,0.05,0.0,0.05,dof2,february_2024,0.005,0.001,0,43,0,0,0.0,1,1500,training_data_based_dof2,,,73
74,mlp,16,4,1.0,tanh,512,0.05,0.0,0.05,dof2,february_2024,0.005,0.001,0,43,0,0,0.0,1,1500,training_data_based_dof2,,,74
75,mlp,24,4,1.0,tanh,512,0.05,0.0,0.05,dof2,february_2024,0.005,0.001,0,43,0,0,0.0,1,1500,training_data_based_dof2,,,75
76,mlp,24,4,1.0,tanh,512,0.05,0.0,0.05,dof2,february_2024,0.005,0.001,0,43,0,0,0.0,1,1500,training_data_based_dof2,,,76
77,mlp,24,4,1.0,tanh,512,0.05,0.0,0.05,dof2,february_2024,0.005,0.001,0,43,0,0,0.0,1,1500,training_data_based_dof2,,,77
78,mlp,24,4,1.0,tanh,512,0.05,0.0,0.05,dof2,february_2024,0.005,0.001,0,43,0,0,0.0,1,1500,training_data_based_dof2,,,78
79,mlp,24,4,1.0,tanh,512,0.05,0.0,0.05,dof2,february_2024,0.005,0.001,0,43,0,0,0.0,1,1500,training_data_based_dof2,,,79
80,mlp,24,4,1.0,tanh,512,0.05,0.0,0.05,dof2,february_2024,0.005,0.001,0,43,0,0,0.0,1,1500,training_data_based_dof2,,,80
81,mlp,24,4,1.0,tanh,512,0.05,0.0,0.05,dof2,february_2024,0.005,0.001,0,43,0,0,0.0,1,1500,training_data_based_dof2,,,81
82,mlp,24,4,1.0,tanh,512,0.05,0.0,0.05,dof2,february_2024,0.005,0.001,0,43,0,0,0.0,1,1500,training_data_based_dof2,,,82
83,mlp,24,4,1.0,tanh,512,0.05,0.0,0.05,dof2,february_2024,0.005,0.001,0,43,0,0,0.0,1,1500,training_data_based_dof2,,,83
84,mlp,24,4,1.0,tanh,512,0.05,0.0,0.05,dof2,february_2024,0.005,0.001,0,43,0,0,0.0,1,1500,training_data_based_dof2,,,84
85,mlp,24,4,1.0,tanh,512,0.05,0.0,0.05,dof2,february_2024,0.005,0.001,0,43,0,0,0.0,1,1500,training_data_based_dof2,,,85
86,mlp,24,4,1.0,tanh,512,0.05,0.0,0.05,dof2,february_2024,0.005,0.001,0,43,0,0,0.0,1,1500,training_data_based_dof2,,,86
87,mlp,24,4,1.0,tanh,512,0.05,0.0,0.05,dof2,february_2024,0.005,0.001,0,43,0,0,0.0,1,1500,training_data_based_dof2,,,87
88,mlp,24,4,1.0,tanh,512,0.05,0.0,0.05,dof2,february_2024,0.005,0.001,0,43,0,0,0.0,1,1500,training_data_based_dof2,,,88
89,mlp,24,4,1.0,tanh,512,0.05,0.0,0.05,dof2,february_2024,0.005,0.001,0,43,0,0,0.0,1,1500,training_data_based_dof2,,,89
90,mlp,8,4,0.5,tanh,512,0.05,0.0,0.05,dof2,february_2024,0.005,0.001,0,43,0,0,0.0,1,1500,training_data_based_dof2,,,90
91,mlp,8,4,0.5,tanh,512,0.05,0.0,0.05,dof2,february_2024,0.005,0.001,0,43,0,0,0.0,1,1500,training_data_based_dof2,,,91
92,mlp,8,4,0.5,tanh,512,0.05,0.0,0.05,dof2,february_2024,0.005,0.001,0,43,0,0,0.0,1,1500,training_data_based_dof2,,,92
93,mlp,8,4,0.5,tanh,512,0.05,0.0,0.05,dof2,february_2024,0.005,0.001,0,43,0,0,0.0,1,1500,training_data_based_dof2,,,93
94,mlp,8,4,0.5,tanh,512,0.05,0.0,0.05,dof2,february_2024,0.005,0.001,0,43,0,0,0.0,1,1500,training_data_based_dof2,,,94
95,mlp,8,4,0.5,tanh,512,0.05,0.0,0.05,dof2,february_2024,0.005,0.001,0,43,0,0,0.0,1,1500,training_data_based_dof2,,,95
96,mlp,8,4,0.5,tanh,512,0.05,0.0,0.05,dof2,february_2024,0.005,0.001,0,43,0,0,0.0,1,1500,training_data_based_dof2,,,96
97,mlp,8,4,0.5,tanh,512,0.05,0.0,0.05,dof2,february_2024,0.005,0.001,0,43,0,0,0.0,1,1500,training_data_based_dof2,,,97
98,mlp,8,4,0.5,tanh,512,0.05,0.0,0.05,dof2,february_2024,0.005,0.001,0,43,0,0,0.0,1,1500,training_data_based_dof2,,,98
99,mlp,8,4,0.5,tanh,512,0.05,0.0,0.05,dof2,february_2024,0.005,0.001,0,43,0,0,0.0,1,1500,training_data_based_dof2,,,99
100,mlp,8,4,0.5,tanh,512,0.05,0.0,0.05,dof2,february_2024,0.005,0.001,0,43,0,0,0.0,1,1500,training_data_based_dof2,,,100
101,mlp,8,4,0.5,tanh,512,0.05,0.0,0.05,dof2,february_2024,0.005,0.001,0,43,0,0,0.0,1,1500,training_data_based_dof2,,,101
102,mlp,8,4,0.5,tanh,512,0.05,0.0,0.05,dof2,february_2024,0.005,0.001,0,43,0,0,0.0,1,1500,training_data_based_dof2,,,102
103,mlp,8,4,0.5,tanh,512,0.05,0.0,0.05,dof2,february_2024,0.005,0.001,0,43,0,0,0.0,1,1500,training_data_based_dof2,,,103
104,mlp,8,4,0.5,tanh,512,0.05,0.0,0.05,dof2,february_2024,0.005,0.001,0,43,0,0,0.0,1,1500,training_data_based_dof2,,,104
105,mlp,16,4,0.5,tanh,512,0.05,0.0,0.05,dof2,february_2024,0.005,0.001,0,43,0,0,0.0,1,1500,training_data_based_dof2,,,105
106,mlp,16,4,0.5,tanh,512,0.05,0.0,0.05,dof2,february_2024,0.005,0.001,0,43,0,0,0.0,1,1500,training_data_based_dof2,,,106
107,mlp,16,4,0.5,tanh,512,0.05,0.0,0.05,dof2,february_2024,0.005,0.001,0,43,0,0,0.0,1,1500,training_data_based_dof2,,,107
108,mlp,16,4,0.5,tanh,512,0.05,0.0,0.05,dof2,february_2024,0.005,0.001,0,43,0,0,0.0,1,1500,training_data_based_dof2,,,108
109,mlp,16,4,0.5,tanh,512,0.05,0.0,0.05,dof2,february_2024,0.005,0.001,0,43,0,0,0.0,1,1500,training_data_based_dof2,,,109
110,mlp,16,4,0.5,tanh,512,0.05,0.0,0.05,dof2,february_2024,0.005,0.001,0,43,0,0,0.0,1,1500,training_data_based_dof2,,,110
111,mlp,16,4,0.5,tanh,512,0.05,0.0,0.05,dof2,february_2024,0.005,0.001,0,43,0,0,0.0,1,1500,training_data_based_dof2,,,111
112,mlp,16,4,0.5,tanh,512,0.05,0.0,0.05,dof2,february_2024,0.005,0.001,0,43,0,0,0.0,1,1500,training_data_based_dof2,,,112
113,mlp,16,4,0.5,tanh,512,0.05,0.0,0.05,dof2,february_2024,0.005,0.001,0,43,0,0,0.0,1,1500,training_data_based_dof2,,,113
114,mlp,16,4,0.5,tanh,512,0.05,0.0,0.05,dof2,february_2024,0.005,0.001,0,43,0,0,0.0,1,1500,training_data_based_dof2,,,114
115,mlp,16,4,0.5,tanh,512,0.05,0.0,0.05,dof2,february_2024,0.005,0.001,0,43,0,0,0.0,1,1500,training_data_based_dof2,,,115
116,mlp,16,4,0.5,tanh,512,0.05,0.0,0.05,dof2,february_2024,0.005,0.001,0,43,0,0,0.0,1,1500,training_data_based_dof2,,,116
117,mlp,16,4,0.5,tanh,512,0.05,0.0,0.05,dof2,february_2024,0.005,0.001,0,43,0,0,0.0,1,1500,training_data_based_dof2,,,117
118,mlp,16,4,0.5,tanh,512,0.05,0.0,0.05,dof2,february_2024,0.005,0.001,0,43,0,0,0.0,1,1500,training_data_based_dof2,,,118
119,mlp,16,4,0.5,tanh,512,0.05,0.0,0.05,dof2,february_2024,0.005,0.001,0,43,0,0,0.0,1,1500,training_data_based_dof2,,,119
120,mlp,24,4,0.5,tanh,512,0.05,0.0,0.05,dof2,february_2024,0.005,0.001,0,43,0,0,0.0,1,1500,training_data_based_dof2,,,120
121,mlp,24,4,0.5,tanh,512,0.05,0.0,0.05,dof2,february_2024,0.005,0.001,0,43,0,0,0.0,1,1500,training_data_based_dof2,,,121
122,mlp,24,4,0.5,tanh,512,0.05,0.0,0.05,dof2,february_2024,0.005,0.001,0,43,0,0,0.0,1,1500,training_data_based_dof2,,,122
123,mlp,24,4,0.5,tanh,512,0.05,0.0,0.05,dof2,february_2024,0.005,0.001,0,43,0,0,0.0,1,1500,training_data_based_dof2,,,123
124,mlp,24,4,0.5,tanh,512,0.05,0.0,0.05,dof2,february_2024,0.005,0.001,0,43,0,0,0.0,1,1500,training_data_based_dof2,,,124
125,mlp,24,4,0.5,tanh,512,0.05,0.0,0.05,dof2,february_2024,0.005,0.001,0,43,0,0,0.0,1,1500,training_data_based_dof2,,,125
126,mlp,24,4,0.5,tanh,512,0.05,0.0,0.05,dof2,february_2024,0.005,0.001,0,43,0,0,0.0,1,1500,training_data_based_dof2,,,126
127,mlp,24,4,0.5,tanh,512,0.05,0.0,0.05,dof2,february_2024,0.005,0.001,0,43,0,0,0.0,1,1500,training_data_based_dof2,,,127
128,mlp,24,4,0.5,tanh,512,0.05,0.0,0.05,dof2,february_2024,0.005,0.001,0,43,0,0,0.0,1,1500,training_data_based_dof2,,,128
129,mlp,24,4,0.5,tanh,512,0.05,0.0,0.05,dof2,february_2024,0.005,0.001,0,43,0,0,0.0,1,1500,training_data_based_dof2,,,129
130,mlp,24,4,0.5,tanh,512,0.05,0.0,0.05,dof2,february_2024,0.005,0.001,0,43,0,0,0.0,1,1500,training_data_based_dof2,,,130
131,mlp,24,4,0.5,tanh,512,0.05,0.0,0.05,dof2,february_2024,0.005,0.001,0,43,0,0,0.0,1,1500,training_data_based_dof2,,,131
132,mlp,24,4,0.5,tanh,512,0.05,0.0,0.05,dof2,february_2024,0.005,0.001,0,43,0,0,0.0,1,1500,training_data_based_dof2,,,132
133,mlp,24,4,0.5,tanh,512,0.05,0.0,0.05,dof2,february_2024,0.005,0.001,0,43,0,0,0.0,1,1500,training_data_based_dof2,,,133
134,mlp,24,4,0.5,tanh,512,0.05,0.0,0.05,dof2,february_2024,0.005,0.001,0,43,0,0,0.0,1,1500,training_data_based_dof2,,,134
135,mlp,8,4,0.05,tanh,512,0.05,0.0,0.05,dof2,february_2024,0.005,0.001,0,43,0,0,0.0,1,1500,training_data_based_dof2,,,135
136,mlp,8,4,0.05,tanh,512,0.05,0.0,0.05,dof2,february_2024,0.005,0.001,0,43,0,0,0.0,1,1500,training_data_based_dof2,,,136
137,mlp,8,4,0.05,tanh,512,0.05,0.0,0.05,dof2,february_2024,0.005,0.001,0,43,0,0,0.0,1,1500,training_data_based_dof2,,,137
138,mlp,8,4,0.05,tanh,512,0.05,0.0,0.05,dof2,february_2024,0.005,0.001,0,43,0,0,0.0,1,1500,training_data_based_dof2,,,138
139,mlp,8,4,0.05,tanh,512,0.05,0.0,0.05,dof2,february_2024,0.005,0.001,0,43,0,0,0.0,1,1500,training_data_based_dof2,,,139
140,mlp,8,4,0.05,tanh,512,0.05,0.0,0.05,dof2,february_2024,0.005,0.001,0,43,0,0,0.0,1,1500,training_data_based_dof2,,,140
141,mlp,8,4,0.05,tanh,512,0.05,0.0,0.05,dof2,february_2024,0.005,0.001,0,43,0,0,0.0,1,1500,training_data_based_dof2,,,141
142,mlp,8,4,0.05,tanh,512,0.05,0.0,0.05,dof2,february_2024,0.005,0.001,0,43,0,0,0.0,1,1500,training_data_based_dof2,,,142
143,mlp,8,4,0.05,tanh,512,0.05,0.0,0.05,dof2,february_2024,0.005,0.001,0,43,0,0,0.0,1,1500,training_data_based_dof2,,,143
144,mlp,8,4,0.05,tanh,512,0.05,0.0,0.05,dof2,february_2024,0.005,0.001,0,43,0,0,0.0,1,1500,training_data_based_dof2,,,144
145,mlp,8,4,0.05,tanh,512,0.05,0.0,0.05,dof2,february_2024,0.005,0.001,0,43,0,0,0.0,1,1500,training_data_based_dof2,,,145
146,mlp,8,4,0.05,tanh,512,0.05,0.0,0.05,dof2,february_2024,0.005,0.001,0,43,0,0,0.0,1,1500,training_data_based_dof2,,,146
147,mlp,8,4,0.05,tanh,512,0.05,0.0,0.05,dof2,february_2024,0.005,0.001,0,43,0,0,0.0,1,1500,training_data_based_dof2,,,147
148,mlp,8,4,0.05,tanh,512,0.05,0.0,0.05,dof2,february_2024,0.005,0.001,0,43,0,0,0.0,1,1500,training_data_based_dof2,,,148
149,mlp,8,4,0.05,tanh,512,0.05,0.0,0.05,dof2,february_2024,0.005,0.001,0,43,0,0,0.0,1,1500,training_data_based_dof2,,,149
150,mlp,16,4,0.05,tanh,512,0.05,0.0,0.05,dof2,february_2024,0.005,0.001,0,43,0,0,0.0,1,1500,training_data_based_dof2,,,150
151,mlp,16,4,0.05,tanh,512,0.05,0.0,0.05,dof2,february_2024,0.005,0.001,0,43,0,0,0.0,1,1500,training_data_based_dof2,,,151
152,mlp,16,4,0.05,tanh,512,0.05,0.0,0.05,dof2,february_2024,0.005,0.001,0,43,0,0,0.0,1,1500,training_data_based_dof2,,,152
153,mlp,16,4,0.05,tanh,512,0.05,0.0,0.05,dof2,february_2024,0.005,0.001,0,43,0,0,0.0,1,1500,training_data_based_dof2,,,153
154,mlp,16,4,0.05,tanh,512,0.05,0.0,0.05,dof2,february_2024,0.005,0.001,0,43,0,0,0.0,1,1500,training_data_based_dof2,,,154
155,mlp,16,4,0.05,tanh,512,0.05,0.0,0.05,dof2,february_2024,0.005,0.001,0,43,0,0,0.0,1,1500,training_data_based_dof2,,,155
156,mlp,16,4,0.05,tanh,512,0.05,0.0,0.05,dof2,february_2024,0.005,0.001,0,43,0,0,0.0,1,1500,training_data_based_dof2,,,156
157,mlp,16,4,0.05,tanh,512,0.05,0.0,0.05,dof2,february_2024,0.005,0.001,0,43,0,0,0.0,1,1500,training_data_based_dof2,,,157
158,mlp,16,4,0.05,tanh,512,0.05,0.0,0.05,dof2,february_2024,0.005,0.001,0,43,0,0,0.0,1,1500,training_data_based_dof2,,,158
159,mlp,16,4,0.05,tanh,512,0.05,0.0,0.05,dof2,february_2024,0.005,0.001,0,43,0,0,0.0,1,1500,training_data_based_dof2,,,159
160,mlp,16,4,0.05,tanh,512,0.05,0.0,0.05,dof2,february_2024,0.005,0.001,0,43,0,0,0.0,1,1500,training_data_based_dof2,,,160
161,mlp,16,4,0.05,tanh,512,0.05,0.0,0.05,dof2,february_2024,0.005,0.001,0,43,0,0,0.0,1,1500,training_data_based_dof2,,,161
162,mlp,16,4,0.05,tanh,512,0.05,0.0,0.05,dof2,february_2024,0.005,0.001,0,43,0,0,0.0,1,1500,training_data_based_dof2,,,162
163,mlp,16,4,0.05,tanh,512,0.05,0.0,0.05,dof2,february_2024,0.005,0.001,0,43,0,0,0.0,1,1500,training_data_based_dof2,,,163
164,mlp,16,4,0.05,tanh,512,0.05,0.0,0.05,dof2,february_2024,0.005,0.001,0,43,0,0,0.0,1,1500,training_data_based_dof2,,,164
165,mlp,24,4,0.05,tanh,512,0.05,0.0,0.05,dof2,february_2024,0.005,0.001,0,43,0,0,0.0,1,1500,training_data_based_dof2,,,165
166,mlp,24,4,0.05,tanh,512,0.05,0.0,0.05,dof2,february_2024,0.005,0.001,0,43,0,0,0.0,1,1500,training_data_based_dof2,,,166
167,mlp,24,4,0.05,tanh,512,0.05,0.0,0.05,dof2,february_2024,0.005,0.001,0,43,0,0,0.0,1,1500,training_data_based_dof2,,,167
168,mlp,24,4,0.05,tanh,512,0.05,0.0,0.05,dof2,february_2024,0.005,0.001,0,43,0,0,0.0,1,1500,training_data_based_dof2,,,168
169,mlp,24,4,0.05,tanh,512,0.05,0.0,0.05,dof2,february_2024,0.005,0.001,0,43,0,0,0.0,1,1500,training_data_based_dof2,,,169
170,mlp,24,4,0.05,tanh,512,0.05,0.0,0.05,dof2,february_2024,0.005,0.001,0,43,0,0,0.0,1,1500,training_data_based_dof2,,,170
171,mlp,24,4,0.05,tanh,512,0.05,0.0,0.05,dof2,february_2024,0.005,0.001,0,43,0,0,0.0,1,1500,training_data_based_dof2,,,171
172,mlp,24,4,0.05,tanh,512,0.05,0.0,0.05,dof2,february_2024,0.005,0.001,0,43,0,0,0.0,1,1500,training_data_based_dof2,,,172
173,mlp,24,4,0.05,tanh,512,0.05,0.0,0.05,dof2,february_2024,0.005,0.001,0,43,0,0,0.0,1,1500,training_data_based_dof2,,,173
174,mlp,24,4,0.05,tanh,512,0.05,0.0,0.05,dof2,february_2024,0.005,0.001,0,43,0,0,0.0,1,1500,training_data_based_dof2,,,174
175,mlp,24,4,0.05,tanh,512,0.05,0.0,0.05,dof2,february_2024,0.005,0.001,0,43,0,0,0.0,1,1500,training_data_based_dof2,,,175
176,mlp,24,4,0.05,tanh,512,0.05,0.0,0.05,dof2,february_2024,0.005,0.001,0,43,0,0,0.0,1,1500,training_data_based_dof2,,,176
177,mlp,24,4,0.05,tanh,512,0.05,0.0,0.05,dof2,february_2024,0.005,0.001,0,43,0,0,0.0,1,1500,training_data_based_dof2,,,177
178,mlp,24,4,0.05,tanh,512,0.05,0.0,0.05,dof2,february_2024,0.005,0.001,0,43,0,0,0.0,1,1500,training_data_based_dof2,,,178
179,mlp,24,4,0.05,tanh,512,0.05,0.0,0.05,dof2,february_2024,0.005,0.001,0,43,0,0,0.0,1,1500,training_data_based_dof2,,,179
180,mlp,8,4,1.0,tanh,512,0.05,0.0,0.05,dof2,february_2024,0.005,0.001,0,43,1,0,0.0,1,1500,training_transfer_learning_dof2,0.0,,180
181,mlp,8,4,1.0,tanh,512,0.05,0.0,0.05,dof2,february_2024,0.005,0.001,0,43,1,0,0.0,1,1500,training_transfer_learning_dof2,1.0,,181
182,mlp,8,4,1.0,tanh,512,0.05,0.0,0.05,dof2,february_2024,0.005,0.001,0,43,1,0,0.0,1,1500,training_transfer_learning_dof2,2.0,,182
183,mlp,8,4,1.0,tanh,512,0.05,0.0,0.05,dof2,february_2024,0.005,0.001,0,43,1,0,0.0,1,1500,training_transfer_learning_dof2,3.0,,183
184,mlp,8,4,1.0,tanh,512,0.05,0.0,0.05,dof2,february_2024,0.005,0.001,0,43,1,0,0.0,1,1500,training_transfer_learning_dof2,4.0,,184
185,mlp,8,4,1.0,tanh,512,0.05,0.0,0.05,dof2,february_2024,0.005,0.001,0,43,1,0,0.0,1,1500,training_transfer_learning_dof2,5.0,,185
186,mlp,8,4,1.0,tanh,512,0.05,0.0,0.05,dof2,february_2024,0.005,0.001,0,43,1,0,0.0,1,1500,training_transfer_learning_dof2,6.0,,186
187,mlp,8,4,1.0,tanh,512,0.05,0.0,0.05,dof2,february_2024,0.005,0.001,0,43,1,0,0.0,1,1500,training_transfer_learning_dof2,7.0,,187
188,mlp,8,4,1.0,tanh,512,0.05,0.0,0.05,dof2,february_2024,0.005,0.001,0,43,1,0,0.0,1,1500,training_transfer_learning_dof2,8.0,,188
189,mlp,8,4,1.0,tanh,512,0.05,0.0,0.05,dof2,february_2024,0.005,0.001,0,43,1,0,0.0,1,1500,training_transfer_learning_dof2,9.0,,189
190,mlp,8,4,1.0,tanh,512,0.05,0.0,0.05,dof2,february_2024,0.005,0.001,0,43,1,0,0.0,1,1500,training_transfer_learning_dof2,10.0,,190
191,mlp,8,4,1.0,tanh,512,0.05,0.0,0.05,dof2,february_2024,0.005,0.001,0,43,1,0,0.0,1,1500,training_transfer_learning_dof2,11.0,,191
192,mlp,8,4,1.0,tanh,512,0.05,0.0,0.05,dof2,february_2024,0.005,0.001,0,43,1,0,0.0,1,1500,training_transfer_learning_dof2,12.0,,192
193,mlp,8,4,1.0,tanh,512,0.05,0.0,0.05,dof2,february_2024,0.005,0.001,0,43,1,0,0.0,1,1500,training_transfer_learning_dof2,13.0,,193
194,mlp,8,4,1.0,tanh,512,0.05,0.0,0.05,dof2,february_2024,0.005,0.001,0,43,1,0,0.0,1,1500,training_transfer_learning_dof2,14.0,,194
195,mlp,16,4,1.0,tanh,512,0.05,0.0,0.05,dof2,february_2024,0.005,0.001,0,43,1,0,0.0,1,1500,training_transfer_learning_dof2,15.0,,195
196,mlp,16,4,1.0,tanh,512,0.05,0.0,0.05,dof2,february_2024,0.005,0.001,0,43,1,0,0.0,1,1500,training_transfer_learning_dof2,16.0,,196
197,mlp,16,4,1.0,tanh,512,0.05,0.0,0.05,dof2,february_2024,0.005,0.001,0,43,1,0,0.0,1,1500,training_transfer_learning_dof2,17.0,,197
198,mlp,16,4,1.0,tanh,512,0.05,0.0,0.05,dof2,february_2024,0.005,0.001,0,43,1,0,0.0,1,1500,training_transfer_learning_dof2,18.0,,198
199,mlp,16,4,1.0,tanh,512,0.05,0.0,0.05,dof2,february_2024,0.005,0.001,0,43,1,0,0.0,1,1500,training_transfer_learning_dof2,19.0,,199
200,mlp,16,4,1.0,tanh,512,0.05,0.0,0.05,dof2,february_2024,0.005,0.001,0,43,1,0,0.0,1,1500,training_transfer_learning_dof2,20.0,,200
201,mlp,16,4,1.0,tanh,512,0.05,0.0,0.05,dof2,february_2024,0.005,0.001,0,43,1,0,0.0,1,1500,training_transfer_learning_dof2,21.0,,201
202,mlp,16,4,1.0,tanh,512,0.05,0.0,0.05,dof2,february_2024,0.005,0.001,0,43,1,0,0.0,1,1500,training_transfer_learning_dof2,22.0,,202
203,mlp,16,4,1.0,tanh,512,0.05,0.0,0.05,dof2,february_2024,0.005,0.001,0,43,1,0,0.0,1,1500,training_transfer_learning_dof2,23.0,,203
204,mlp,16,4,1.0,tanh,512,0.05,0.0,0.05,dof2,february_2024,0.005,0.001,0,43,1,0,0.0,1,1500,training_transfer_learning_dof2,24.0,,204
205,mlp,16,4,1.0,tanh,512,0.05,0.0,0.05,dof2,february_2024,0.005,0.001,0,43,1,0,0.0,1,1500,training_transfer_learning_dof2,25.0,,205
206,mlp,16,4,1.0,tanh,512,0.05,0.0,0.05,dof2,february_2024,0.005,0.001,0,43,1,0,0.0,1,1500,training_transfer_learning_dof2,26.0,,206
207,mlp,16,4,1.0,tanh,512,0.05,0.0,0.05,dof2,february_2024,0.005,0.001,0,43,1,0,0.0,1,1500,training_transfer_learning_dof2,27.0,,207
208,mlp,16,4,1.0,tanh,512,0.05,0.0,0.05,dof2,february_2024,0.005,0.001,0,43,1,0,0.0,1,1500,training_transfer_learning_dof2,28.0,,208
209,mlp,16,4,1.0,tanh,512,0.05,0.0,0.05,dof2,february_2024,0.005,0.001,0,43,1,0,0.0,1,1500,training_transfer_learning_dof2,29.0,,209
210,mlp,24,4,1.0,tanh,512,0.05,0.0,0.05,dof2,february_2024,0.005,0.001,0,43,1,0,0.0,1,1500,training_transfer_learning_dof2,30.0,,210
211,mlp,24,4,1.0,tanh,512,0.05,0.0,0.05,dof2,february_2024,0.005,0.001,0,43,1,0,0.0,1,1500,training_transfer_learning_dof2,31.0,,211
212,mlp,24,4,1.0,tanh,512,0.05,0.0,0.05,dof2,february_2024,0.005,0.001,0,43,1,0,0.0,1,1500,training_transfer_learning_dof2,32.0,,212
213,mlp,24,4,1.0,tanh,512,0.05,0.0,0.05,dof2,february_2024,0.005,0.001,0,43,1,0,0.0,1,1500,training_transfer_learning_dof2,33.0,,213
214,mlp,24,4,1.0,tanh,512,0.05,0.0,0.05,dof2,february_2024,0.005,0.001,0,43,1,0,0.0,1,1500,training_transfer_learning_dof2,34.0,,214
215,mlp,24,4,1.0,tanh,512,0.05,0.0,0.05,dof2,february_2024,0.005,0.001,0,43,1,0,0.0,1,1500,training_transfer_learning_dof2,35.0,,215
216,mlp,24,4,1.0,tanh,512,0.05,0.0,0.05,dof2,february_2024,0.005,0.001,0,43,1,0,0.0,1,1500,training_transfer_learning_dof2,36.0,,216
217,mlp,24,4,1.0,tanh,512,0.05,0.0,0.05,dof2,february_2024,0.005,0.001,0,43,1,0,0.0,1,1500,training_transfer_learning_dof2,37.0,,217
218,mlp,24,4,1.0,tanh,512,0.05,0.0,0.05,dof2,february_2024,0.005,0.001,0,43,1,0,0.0,1,1500,training_transfer_learning_dof2,38.0,,218
219,mlp,24,4,1.0,tanh,512,0.05,0.0,0.05,dof2,february_2024,0.005,0.001,0,43,1,0,0.0,1,1500,training_transfer_learning_dof2,39.0,,219
220,mlp,24,4,1.0,tanh,512,0.05,0.0,0.05,dof2,february_2024,0.005,0.001,0,43,1,0,0.0,1,1500,training_transfer_learning_dof2,40.0,,220
221,mlp,24,4,1.0,tanh,512,0.05,0.0,0.05,dof2,february_2024,0.005,0.001,0,43,1,0,0.0,1,1500,training_transfer_learning_dof2,41.0,,221
222,mlp,24,4,1.0,tanh,512,0.05,0.0,0.05,dof2,february_2024,0.005,0.001,0,43,1,0,0.0,1,1500,training_transfer_learning_dof2,42.0,,222
223,mlp,24,4,1.0,tanh,512,0.05,0.0,0.05,dof2,february_2024,0.005,0.001,0,43,1,0,0.0,1,1500,training_transfer_learning_dof2,43.0,,223
224,mlp,24,4,1.0,tanh,512,0.05,0.0,0.05,dof2,february_2024,0.005,0.001,0,43,1,0,0.0,1,1500,training_transfer_learning_dof2,44.0,,224
225,mlp,8,4,0.5,tanh,512,0.05,0.0,0.05,dof2,february_2024,0.005,0.001,0,43,1,0,,1,1500,training_transfer_learning_dof2,0.0,,225
226,mlp,8,4,0.5,tanh,512,0.05,0.0,0.05,dof2,february_2024,0.005,0.001,0,43,1,0,,1,1500,training_transfer_learning_dof2,1.0,,226
227,mlp,8,4,0.5,tanh,512,0.05,0.0,0.05,dof2,february_2024,0.005,0.001,0,43,1,0,,1,1500,training_transfer_learning_dof2,2.0,,227
228,mlp,8,4,0.5,tanh,512,0.05,0.0,0.05,dof2,february_2024,0.005,0.001,0,43,1,0,,1,1500,training_transfer_learning_dof2,3.0,,228
229,mlp,8,4,0.5,tanh,512,0.05,0.0,0.05,dof2,february_2024,0.005,0.001,0,43,1,0,,1,1500,training_transfer_learning_dof2,4.0,,229
230,mlp,8,4,0.5,tanh,512,0.05,0.0,0.05,dof2,february_2024,0.005,0.001,0,43,1,0,,1,1500,training_transfer_learning_dof2,5.0,,230
231,mlp,8,4,0.5,tanh,512,0.05,0.0,0.05,dof2,february_2024,0.005,0.001,0,43,1,0,,1,1500,training_transfer_learning_dof2,6.0,,231
232,mlp,8,4,0.5,tanh,512,0.05,0.0,0.05,dof2,february_2024,0.005,0.001,0,43,1,0,,1,1500,training_transfer_learning_dof2,7.0,,232
233,mlp,8,4,0.5,tanh,512,0.05,0.0,0.05,dof2,february_2024,0.005,0.001,0,43,1,0,,1,1500,training_transfer_learning_dof2,8.0,,233
234,mlp,8,4,0.5,tanh,512,0.05,0.0,0.05,dof2,february_2024,0.005,0.001,0,43,1,0,,1,1500,training_transfer_learning_dof2,9.0,,234
235,mlp,8,4,0.5,tanh,512,0.05,0.0,0.05,dof2,february_2024,0.005,0.001,0,43,1,0,,1,1500,training_transfer_learning_dof2,10.0,,235
236,mlp,8,4,0.5,tanh,512,0.05,0.0,0.05,dof2,february_2024,0.005,0.001,0,43,1,0,,1,1500,training_transfer_learning_dof2,11.0,,236
237,mlp,8,4,0.5,tanh,512,0.05,0.0,0.05,dof2,february_2024,0.005,0.001,0,43,1,0,,1,1500,training_transfer_learning_dof2,12.0,,237
238,mlp,8,4,0.5,tanh,512,0.05,0.0,0.05,dof2,february_2024,0.005,0.001,0,43,1,0,,1,1500,training_transfer_learning_dof2,13.0,,238
239,mlp,8,4,0.5,tanh,512,0.05,0.0,0.05,dof2,february_2024,0.005,0.001,0,43,1,0,,1,1500,training_transfer_learning_dof2,14.0,,239
240,mlp,16,4,0.5,tanh,512,0.05,0.0,0.05,dof2,february_2024,0.005,0.001,0,43,1,0,,1,1500,training_transfer_learning_dof2,15.0,,240
241,mlp,16,4,0.5,tanh,512,0.05,0.0,0.05,dof2,february_2024,0.005,0.001,0,43,1,0,,1,1500,training_transfer_learning_dof2,16.0,,241
242,mlp,16,4,0.5,tanh,512,0.05,0.0,0.05,dof2,february_2024,0.005,0.001,0,43,1,0,,1,1500,training_transfer_learning_dof2,17.0,,242
243,mlp,16,4,0.5,tanh,512,0.05,0.0,0.05,dof2,february_2024,0.005,0.001,0,43,1,0,,1,1500,training_transfer_learning_dof2,18.0,,243
244,mlp,16,4,0.5,tanh,512,0.05,0.0,0.05,dof2,february_2024,0.005,0.001,0,43,1,0,,1,1500,training_transfer_learning_dof2,19.0,,244
245,mlp,16,4,0.5,tanh,512,0.05,0.0,0.05,dof2,february_2024,0.005,0.001,0,43,1,0,,1,1500,training_transfer_learning_dof2,20.0,,245
246,mlp,16,4,0.5,tanh,512,0.05,0.0,0.05,dof2,february_2024,0.005,0.001,0,43,1,0,,1,1500,training_transfer_learning_dof2,21.0,,246
247,mlp,16,4,0.5,tanh,512,0.05,0.0,0.05,dof2,february_2024,0.005,0.001,0,43,1,0,,1,1500,training_transfer_learning_dof2,22.0,,247
248,mlp,16,4,0.5,tanh,512,0.05,0.0,0.05,dof2,february_2024,0.005,0.001,0,43,1,0,,1,1500,training_transfer_learning_dof2,23.0,,248
249,mlp,16,4,0.5,tanh,512,0.05,0.0,0.05,dof2,february_2024,0.005,0.001,0,43,1,0,,1,1500,training_transfer_learning_dof2,24.0,,249
250,mlp,16,4,0.5,tanh,512,0.05,0.0,0.05,dof2,february_2024,0.005,0.001,0,43,1,0,,1,1500,training_transfer_learning_dof2,25.0,,250
251,mlp,16,4,0.5,tanh,512,0.05,0.0,0.05,dof2,february_2024,0.005,0.001,0,43,1,0,,1,1500,training_transfer_learning_dof2,26.0,,251
252,mlp,16,4,0.5,tanh,512,0.05,0.0,0.05,dof2,february_2024,0.005,0.001,0,43,1,0,,1,1500,training_transfer_learning_dof2,27.0,,252
253,mlp,16,4,0.5,tanh,512,0.05,0.0,0.05,dof2,february_2024,0.005,0.001,0,43,1,0,,1,1500,training_transfer_learning_dof2,28.0,,253
254,mlp,16,4,0.5,tanh,512,0.05,0.0,0.05,dof2,february_2024,0.005,0.001,0,43,1,0,,1,1500,training_transfer_learning_dof2,29.0,,254
255,mlp,24,4,0.5,tanh,512,0.05,0.0,0.05,dof2,february_2024,0.005,0.001,0,43,1,0,,1,1500,training_transfer_learning_dof2,30.0,,255
256,mlp,24,4,0.5,tanh,512,0.05,0.0,0.05,dof2,february_2024,0.005,0.001,0,43,1,0,,1,1500,training_transfer_learning_dof2,31.0,,256
257,mlp,24,4,0.5,tanh,512,0.05,0.0,0.05,dof2,february_2024,0.005,0.001,0,43,1,0,,1,1500,training_transfer_learning_dof2,32.0,,257
258,mlp,24,4,0.5,tanh,512,0.05,0.0,0.05,dof2,february_2024,0.005,0.001,0,43,1,0,,1,1500,training_transfer_learning_dof2,33.0,,258
259,mlp,24,4,0.5,tanh,512,0.05,0.0,0.05,dof2,february_2024,0.005,0.001,0,43,1,0,,1,1500,training_transfer_learning_dof2,34.0,,259
260,mlp,24,4,0.5,tanh,512,0.05,0.0,0.05,dof2,february_2024,0.005,0.001,0,43,1,0,,1,1500,training_transfer_learning_dof2,35.0,,260
261,mlp,24,4,0.5,tanh,512,0.05,0.0,0.05,dof2,february_2024,0.005,0.001,0,43,1,0,,1,1500,training_transfer_learning_dof2,36.0,,261
262,mlp,24,4,0.5,tanh,512,0.05,0.0,0.05,dof2,february_2024,0.005,0.001,0,43,1,0,,1,1500,training_transfer_learning_dof2,37.0,,262
263,mlp,24,4,0.5,tanh,512,0.05,0.0,0.05,dof2,february_2024,0.005,0.001,0,43,1,0,,1,1500,training_transfer_learning_dof2,38.0,,263
264,mlp,24,4,0.5,tanh,512,0.05,0.0,0.05,dof2,february_2024,0.005,0.001,0,43,1,0,,1,1500,training_transfer_learning_dof2,39.0,,264
265,mlp,24,4,0.5,tanh,512,0.05,0.0,0.05,dof2,february_2024,0.005,0.001,0,43,1,0,,1,1500,training_transfer_learning_dof2,40.0,,265
266,mlp,24,4,0.5,tanh,512,0.05,0.0,0.05,dof2,february_2024,0.005,0.001,0,43,1,0,,1,1500,training_transfer_learning_dof2,41.0,,266
267,mlp,24,4,0.5,tanh,512,0.05,0.0,0.05,dof2,february_2024,0.005,0.001,0,43,1,0,,1,1500,training_transfer_learning_dof2,42.0,,267
268,mlp,24,4,0.5,tanh,512,0.05,0.0,0.05,dof2,february_2024,0.005,0.001,0,43,1,0,,1,1500,training_transfer_learning_dof2,43.0,,268
269,mlp,24,4,0.5,tanh,512,0.05,0.0,0.05,dof2,february_2024,0.005,0.001,0,43,1,0,,1,1500,training_transfer_learning_dof2,44.0,,269
270,mlp,8,4,0.05,tanh,512,0.05,0.0,0.05,dof2,february_2024,0.005,0.001,0,43,1,0,,1,1500,training_transfer_learning_dof2,0.0,,270
271,mlp,8,4,0.05,tanh,512,0.05,0.0,0.05,dof2,february_2024,0.005,0.001,0,43,1,0,,1,1500,training_transfer_learning_dof2,1.0,,271
272,mlp,8,4,0.05,tanh,512,0.05,0.0,0.05,dof2,february_2024,0.005,0.001,0,43,1,0,,1,1500,training_transfer_learning_dof2,2.0,,272
273,mlp,8,4,0.05,tanh,512,0.05,0.0,0.05,dof2,february_2024,0.005,0.001,0,43,1,0,,1,1500,training_transfer_learning_dof2,3.0,,273
274,mlp,8,4,0.05,tanh,512,0.05,0.0,0.05,dof2,february_2024,0.005,0.001,0,43,1,0,,1,1500,training_transfer_learning_dof2,4.0,,274
275,mlp,8,4,0.05,tanh,512,0.05,0.0,0.05,dof2,february_2024,0.005,0.001,0,43,1,0,,1,1500,training_transfer_learning_dof2,5.0,,275
276,mlp,8,4,0.05,tanh,512,0.05,0.0,0.05,dof2,february_2024,0.005,0.001,0,43,1,0,,1,1500,training_transfer_learning_dof2,6.0,,276
277,mlp,8,4,0.05,tanh,512,0.05,0.0,0.05,dof2,february_2024,0.005,0.001,0,43,1,0,,1,1500,training_transfer_learning_dof2,7.0,,277
278,mlp,8,4,0.05,tanh,512,0.05,0.0,0.05,dof2,february_2024,0.005,0.001,0,43,1,0,,1,1500,training_transfer_learning_dof2,8.0,,278
279,mlp,8,4,0.05,tanh,512,0.05,0.0,0.05,dof2,february_2024,0.005,0.001,0,43,1,0,,1,1500,training_transfer_learning_dof2,9.0,,279
280,mlp,8,4,0.05,tanh,512,0.05,0.0,0.05,dof2,february_2024,0.005,0.001,0,43,1,0,,1,1500,training_transfer_learning_dof2,10.0,,280
281,mlp,8,4,0.05,tanh,512,0.05,0.0,0.05,dof2,february_2024,0.005,0.001,0,43,1,0,,1,1500,training_transfer_learning_dof2,11.0,,281
282,mlp,8,4,0.05,tanh,512,0.05,0.0,0.05,dof2,february_2024,0.005,0.001,0,43,1,0,,1,1500,training_transfer_learning_dof2,12.0,,282
283,mlp,8,4,0.05,tanh,512,0.05,0.0,0.05,dof2,february_2024,0.005,0.001,0,43,1,0,,1,1500,training_transfer_learning_dof2,13.0,,283
284,mlp,8,4,0.05,tanh,512,0.05,0.0,0.05,dof2,february_2024,0.005,0.001,0,43,1,0,,1,1500,training_transfer_learning_dof2,14.0,,284
285,mlp,16,4,0.05,tanh,512,0.05,0.0,0.05,dof2,february_2024,0.005,0.001,0,43,1,0,,1,1500,training_transfer_learning_dof2,15.0,,285
286,mlp,16,4,0.05,tanh,512,0.05,0.0,0.05,dof2,february_2024,0.005,0.001,0,43,1,0,,1,1500,training_transfer_learning_dof2,16.0,,286
287,mlp,16,4,0.05,tanh,512,0.05,0.0,0.05,dof2,february_2024,0.005,0.001,0,43,1,0,,1,1500,training_transfer_learning_dof2,17.0,,287
288,mlp,16,4,0.05,tanh,512,0.05,0.0,0.05,dof2,february_2024,0.005,0.001,0,43,1,0,,1,1500,training_transfer_learning_dof2,18.0,,288
289,mlp,16,4,0.05,tanh,512,0.05,0.0,0.05,dof2,february_2024,0.005,0.001,0,43,1,0,,1,1500,training_transfer_learning_dof2,19.0,,289
290,mlp,16,4,0.05,tanh,512,0.05,0.0,0.05,dof2,february_2024,0.005,0.001,0,43,1,0,,1,1500,training_transfer_learning_dof2,20.0,,290
291,mlp,16,4,0.05,tanh,512,0.05,0.0,0.05,dof2,february_2024,0.005,0.001,0,43,1,0,,1,1500,training_transfer_learning_dof2,21.0,,291
292,mlp,16,4,0.05,tanh,512,0.05,0.0,0.05,dof2,february_2024,0.005,0.001,0,43,1,0,,1,1500,training_transfer_learning_dof2,22.0,,292
293,mlp,16,4,0.05,tanh,512,0.05,0.0,0.05,dof2,february_2024,0.005,0.001,0,43,1,0,,1,1500,training_transfer_learning_dof2,23.0,,293
294,mlp,16,4,0.05,tanh,512,0.05,0.0,0.05,dof2,february_2024,0.005,0.001,0,43,1,0,,1,1500,training_transfer_learning_dof2,24.0,,294
295,mlp,16,4,0.05,tanh,512,0.05,0.0,0.05,dof2,february_2024,0.005,0.001,0,43,1,0,,1,1500,training_transfer_learning_dof2,25.0,,295
296,mlp,16,4,0.05,tanh,512,0.05,0.0,0.05,dof2,february_2024,0.005,0.001,0,43,1,0,,1,1500,training_transfer_learning_dof2,26.0,,296
297,mlp,16,4,0.05,tanh,512,0.05,0.0,0.05,dof2,february_2024,0.005,0.001,0,43,1,0,,1,1500,training_transfer_learning_dof2,27.0,,297
298,mlp,16,4,0.05,tanh,512,0.05,0.0,0.05,dof2,february_2024,0.005,0.001,0,43,1,0,,1,1500,training_transfer_learning_dof2,28.0,,298
299,mlp,16,4,0.05,tanh,512,0.05,0.0,0.05,dof2,february_2024,0.005,0.001,0,43,1,0,,1,1500,training_transfer_learning_dof2,29.0,,299
300,mlp,24,4,0.05,tanh,512,0.05,0.0,0.05,dof2,february_2024,0.005,0.001,0,43,1,0,,1,1500,training_transfer_learning_dof2,30.0,,300
301,mlp,24,4,0.05,tanh,512,0.05,0.0,0.05,dof2,february_2024,0.005,0.001,0,43,1,0,,1,1500,training_transfer_learning_dof2,31.0,,301
302,mlp,24,4,0.05,tanh,512,0.05,0.0,0.05,dof2,february_2024,0.005,0.001,0,43,1,0,,1,1500,training_transfer_learning_dof2,32.0,,302
303,mlp,24,4,0.05,tanh,512,0.05,0.0,0.05,dof2,february_2024,0.005,0.001,0,43,1,0,,1,1500,training_transfer_learning_dof2,33.0,,303
304,mlp,24,4,0.05,tanh,512,0.05,0.0,0.05,dof2,february_2024,0.005,0.001,0,43,1,0,,1,1500,training_transfer_learning_dof2,34.0,,304
305,mlp,24,4,0.05,tanh,512,0.05,0.0,0.05,dof2,february_2024,0.005,0.001,0,43,1,0,,1,1500,training_transfer_learning_dof2,35.0,,305
306,mlp,24,4,0.05,tanh,512,0.05,0.0,0.05,dof2,february_2024,0.005,0.001,0,43,1,0,,1,1500,training_transfer_learning_dof2,36.0,,306
307,mlp,24,4,0.05,tanh,512,0.05,0.0,0.05,dof2,february_2024,0.005,0.001,0,43,1,0,,1,1500,training_transfer_learning_dof2,37.0,,307
308,mlp,24,4,0.05,tanh,512,0.05,0.0,0.05,dof2,february_2024,0.005,0.001,0,43,1,0,,1,1500,training_transfer_learning_dof2,38.0,,308
309,mlp,24,4,0.05,tanh,512,0.05,0.0,0.05,dof2,february_2024,0.005,0.001,0,43,1,0,,1,1500,training_transfer_learning_dof2,39.0,,309
310,mlp,24,4,0.05,tanh,512,0.05,0.0,0.05,dof2,february_2024,0.005,0.001,0,43,1,0,,1,1500,training_transfer_learning_dof2,40.0,,310
311,mlp,24,4,0.05,tanh,512,0.05,0.0,0.05,dof2,february_2024,0.005,0.001,0,43,1,0,,1,1500,training_transfer_learning_dof2,41.0,,311
312,mlp,24,4,0.05,tanh,512,0.05,0.0,0.05,dof2,february_2024,0.005,0.001,0,43,1,0,,1,1500,training_transfer_learning_dof2,42.0,,312
313,mlp,24,4,0.05,tanh,512,0.05,0.0,0.05,dof2,february_2024,0.005,0.001,0,43,1,0,,1,1500,training_transfer_learning_dof2,43.0,,313
314,mlp,24,4,0.05,tanh,512,0.05,0.0,0.05,dof2,february_2024,0.005,0.001,0,43,1,0,,1,1500,training_transfer_learning_dof2,44.0,,314
315,discrepancy,8,4,0.5,tanh,512,0.05,0.0,0.05,dof2,february_2024,0.005,0.001,0,43,0,0,0.0,1,1500,training_discrepancy_dof2,0.0,,315
316,discrepancy,8,4,0.5,tanh,512,0.05,0.0,0.05,dof2,february_2024,0.005,0.001,0,43,0,0,0.0,1,1500,training_discrepancy_dof2,1.0,,316
317,discrepancy,8,4,0.5,tanh,512,0.05,0.0,0.05,dof2,february_2024,0.005,0.001,0,43,0,0,0.0,1,1500,training_discrepancy_dof2,2.0,,317
318,discrepancy,8,4,0.5,tanh,512,0.05,0.0,0.05,dof2,february_2024,0.005,0.001,0,43,0,0,0.0,1,1500,training_discrepancy_dof2,3.0,,318
319,discrepancy,8,4,0.5,tanh,512,0.05,0.0,0.05,dof2,february_2024,0.005,0.001,0,43,0,0,0.0,1,1500,training_discrepancy_dof2,4.0,,319
320,discrepancy,8,4,0.5,tanh,512,0.05,0.0,0.05,dof2,february_2024,0.005,0.001,0,43,0,0,0.0,1,1500,training_discrepancy_dof2,5.0,,320
321,discrepancy,8,4,0.5,tanh,512,0.05,0.0,0.05,dof2,february_2024,0.005,0.001,0,43,0,0,0.0,1,1500,training_discrepancy_dof2,6.0,,321
322,discrepancy,8,4,0.5,tanh,512,0.05,0.0,0.05,dof2,february_2024,0.005,0.001,0,43,0,0,0.0,1,1500,training_discrepancy_dof2,7.0,,322
323,discrepancy,8,4,0.5,tanh,512,0.05,0.0,0.05,dof2,february_2024,0.005,0.001,0,43,0,0,0.0,1,1500,training_discrepancy_dof2,8.0,,323
324,discrepancy,8,4,0.5,tanh,512,0.05,0.0,0.05,dof2,february_2024,0.005,0.001,0,43,0,0,0.0,1,1500,training_discrepancy_dof2,9.0,,324
325,discrepancy,8,4,0.5,tanh,512,0.05,0.0,0.05,dof2,february_2024,0.005,0.001,0,43,0,0,0.0,1,1500,training_discrepancy_dof2,10.0,,325
326,discrepancy,8,4,0.5,tanh,512,0.05,0.0,0.05,dof2,february_2024,0.005,0.001,0,43,0,0,0.0,1,1500,training_discrepancy_dof2,11.0,,326
327,discrepancy,8,4,0.5,tanh,512,0.05,0.0,0.05,dof2,february_2024,0.005,0.001,0,43,0,0,0.0,1,1500,training_discrepancy_dof2,12.0,,327
328,discrepancy,8,4,0.5,tanh,512,0.05,0.0,0.05,dof2,february_2024,0.005,0.001,0,43,0,0,0.0,1,1500,training_discrepancy_dof2,13.0,,328
329,discrepancy,8,4,0.5,tanh,512,0.05,0.0,0.05,dof2,february_2024,0.005,0.001,0,43,0,0,0.0,1,1500,training_discrepancy_dof2,14.0,,329
330,discrepancy,16,4,0.5,tanh,512,0.05,0.0,0.05,dof2,february_2024,0.005,0.001,0,43,0,0,0.0,1,1500,training_discrepancy_dof2,0.0,,330
331,discrepancy,16,4,0.5,tanh,512,0.05,0.0,0.05,dof2,february_2024,0.005,0.001,0,43,0,0,0.0,1,1500,training_discrepancy_dof2,1.0,,331
332,discrepancy,16,4,0.5,tanh,512,0.05,0.0,0.05,dof2,february_2024,0.005,0.001,0,43,0,0,0.0,1,1500,training_discrepancy_dof2,2.0,,332
333,discrepancy,16,4,0.5,tanh,512,0.05,0.0,0.05,dof2,february_2024,0.005,0.001,0,43,0,0,0.0,1,1500,training_discrepancy_dof2,3.0,,333
334,discrepancy,16,4,0.5,tanh,512,0.05,0.0,0.05,dof2,february_2024,0.005,0.001,0,43,0,0,0.0,1,1500,training_discrepancy_dof2,4.0,,334
335,discrepancy,16,4,0.5,tanh,512,0.05,0.0,0.05,dof2,february_2024,0.005,0.001,0,43,0,0,0.0,1,1500,training_discrepancy_dof2,5.0,,335
336,discrepancy,16,4,0.5,tanh,512,0.05,0.0,0.05,dof2,february_2024,0.005,0.001,0,43,0,0,0.0,1,1500,training_discrepancy_dof2,6.0,,336
337,discrepancy,16,4,0.5,tanh,512,0.05,0.0,0.05,dof2,february_2024,0.005,0.001,0,43,0,0,0.0,1,1500,training_discrepancy_dof2,7.0,,337
338,discrepancy,16,4,0.5,tanh,512,0.05,0.0,0.05,dof2,february_2024,0.005,0.001,0,43,0,0,0.0,1,1500,training_discrepancy_dof2,8.0,,338
339,discrepancy,16,4,0.5,tanh,512,0.05,0.0,0.05,dof2,february_2024,0.005,0.001,0,43,0,0,0.0,1,1500,training_discrepancy_dof2,9.0,,339
340,discrepancy,16,4,0.5,tanh,512,0.05,0.0,0.05,dof2,february_2024,0.005,0.001,0,43,0,0,0.0,1,1500,training_discrepancy_dof2,10.0,,340
341,discrepancy,16,4,0.5,tanh,512,0.05,0.0,0.05,dof2,february_2024,0.005,0.001,0,43,0,0,0.0,1,1500,training_discrepancy_dof2,11.0,,341
342,discrepancy,16,4,0.5,tanh,512,0.05,0.0,0.05,dof2,february_2024,0.005,0.001,0,43,0,0,0.0,1,1500,training_discrepancy_dof2,12.0,,342
343,discrepancy,16,4,0.5,tanh,512,0.05,0.0,0.05,dof2,february_2024,0.005,0.001,0,43,0,0,0.0,1,1500,training_discrepancy_dof2,13.0,,343
344,discrepancy,16,4,0.5,tanh,512,0.05,0.0,0.05,dof2,february_2024,0.005,0.001,0,43,0,0,0.0,1,1500,training_discrepancy_dof2,14.0,,344
345,discrepancy,24,4,0.5,tanh,512,0.05,0.0,0.05,dof2,february_2024,0.005,0.001,0,43,0,0,0.0,1,1500,training_discrepancy_dof2,0.0,,345
346,discrepancy,24,4,0.5,tanh,512,0.05,0.0,0.05,dof2,february_2024,0.005,0.001,0,43,0,0,0.0,1,1500,training_discrepancy_dof2,1.0,,346
347,discrepancy,24,4,0.5,tanh,512,0.05,0.0,0.05,dof2,february_2024,0.005,0.001,0,43,0,0,0.0,1,1500,training_discrepancy_dof2,2.0,,347
348,discrepancy,24,4,0.5,tanh,512,0.05,0.0,0.05,dof2,february_2024,0.005,0.001,0,43,0,0,0.0,1,1500,training_discrepancy_dof2,3.0,,348
349,discrepancy,24,4,0.5,tanh,512,0.05,0.0,0.05,dof2,february_2024,0.005,0.001,0,43,0,0,0.0,1,1500,training_discrepancy_dof2,4.0,,349
350,discrepancy,24,4,0.5,tanh,512,0.05,0.0,0.05,dof2,february_2024,0.005,0.001,0,43,0,0,0.0,1,1500,training_discrepancy_dof2,5.0,,350
351,discrepancy,24,4,0.5,tanh,512,0.05,0.0,0.05,dof2,february_2024,0.005,0.001,0,43,0,0,0.0,1,1500,training_discrepancy_dof2,6.0,,351
352,discrepancy,24,4,0.5,tanh,512,0.05,0.0,0.05,dof2,february_2024,0.005,0.001,0,43,0,0,0.0,1,1500,training_discrepancy_dof2,7.0,,352
353,discrepancy,24,4,0.5,tanh,512,0.05,0.0,0.05,dof2,february_2024,0.005,0.001,0,43,0,0,0.0,1,1500,training_discrepancy_dof2,8.0,,353
354,discrepancy,24,4,0.5,tanh,512,0.05,0.0,0.05,dof2,february_2024,0.005,0.001,0,43,0,0,0.0,1,1500,training_discrepancy_dof2,9.0,,354
355,discrepancy,24,4,0.5,tanh,512,0.05,0.0,0.05,dof2,february_2024,0.005,0.001,0,43,0,0,0.0,1,1500,training_discrepancy_dof2,10.0,,355
356,discrepancy,24,4,0.5,tanh,512,0.05,0.0,0.05,dof2,february_2024,0.005,0.001,0,43,0,0,0.0,1,1500,training_discrepancy_dof2,11.0,,356
357,discrepancy,24,4,0.5,tanh,512,0.05,0.0,0.05,dof2,february_2024,0.005,0.001,0,43,0,0,0.0,1,1500,training_discrepancy_dof2,12.0,,357
358,discrepancy,24,4,0.5,tanh,512,0.05,0.0,0.05,dof2,february_2024,0.005,0.001,0,43,0,0,0.0,1,1500,training_discrepancy_dof2,13.0,,358
359,discrepancy,24,4,0.5,tanh,512,0.05,0.0,0.05,dof2,february_2024,0.005,0.001,0,43,0,0,0.0,1,1500,training_discrepancy_dof2,14.0,,359
360,discrepancy,8,4,0.05,tanh,512,0.05,0.0,0.05,dof2,february_2024,0.005,0.001,0,43,0,0,0.0,1,1500,training_discrepancy_dof2,0.0,,360
361,discrepancy,8,4,0.05,tanh,512,0.05,0.0,0.05,dof2,february_2024,0.005,0.001,0,43,0,0,0.0,1,1500,training_discrepancy_dof2,1.0,,361
362,discrepancy,8,4,0.05,tanh,512,0.05,0.0,0.05,dof2,february_2024,0.005,0.001,0,43,0,0,0.0,1,1500,training_discrepancy_dof2,2.0,,362
363,discrepancy,8,4,0.05,tanh,512,0.05,0.0,0.05,dof2,february_2024,0.005,0.001,0,43,0,0,0.0,1,1500,training_discrepancy_dof2,3.0,,363
364,discrepancy,8,4,0.05,tanh,512,0.05,0.0,0.05,dof2,february_2024,0.005,0.001,0,43,0,0,0.0,1,1500,training_discrepancy_dof2,4.0,,364
365,discrepancy,8,4,0.05,tanh,512,0.05,0.0,0.05,dof2,february_2024,0.005,0.001,0,43,0,0,0.0,1,1500,training_discrepancy_dof2,5.0,,365
366,discrepancy,8,4,0.05,tanh,512,0.05,0.0,0.05,dof2,february_2024,0.005,0.001,0,43,0,0,0.0,1,1500,training_discrepancy_dof2,6.0,,366
367,discrepancy,8,4,0.05,tanh,512,0.05,0.0,0.05,dof2,february_2024,0.005,0.001,0,43,0,0,0.0,1,1500,training_discrepancy_dof2,7.0,,367
368,discrepancy,8,4,0.05,tanh,512,0.05,0.0,0.05,dof2,february_2024,0.005,0.001,0,43,0,0,0.0,1,1500,training_discrepancy_dof2,8.0,,368
369,discrepancy,8,4,0.05,tanh,512,0.05,0.0,0.05,dof2,february_2024,0.005,0.001,0,43,0,0,0.0,1,1500,training_discrepancy_dof2,9.0,,369
370,discrepancy,8,4,0.05,tanh,512,0.05,0.0,0.05,dof2,february_2024,0.005,0.001,0,43,0,0,0.0,1,1500,training_discrepancy_dof2,10.0,,370
371,discrepancy,8,4,0.05,tanh,512,0.05,0.0,0.05,dof2,february_2024,0.005,0.001,0,43,0,0,0.0,1,1500,training_discrepancy_dof2,11.0,,371
372,discrepancy,8,4,0.05,tanh,512,0.05,0.0,0.05,dof2,february_2024,0.005,0.001,0,43,0,0,0.0,1,1500,training_discrepancy_dof2,12.0,,372
373,discrepancy,8,4,0.05,tanh,512,0.05,0.0,0.05,dof2,february_2024,0.005,0.001,0,43,0,0,0.0,1,1500,training_discrepancy_dof2,13.0,,373
374,discrepancy,8,4,0.05,tanh,512,0.05,0.0,0.05,dof2,february_2024,0.005,0.001,0,43,0,0,0.0,1,1500,training_discrepancy_dof2,14.0,,374
375,discrepancy,16,4,0.05,tanh,512,0.05,0.0,0.05,dof2,february_2024,0.005,0.001,0,43,0,0,0.0,1,1500,training_discrepancy_dof2,0.0,,375
376,discrepancy,16,4,0.05,tanh,512,0.05,0.0,0.05,dof2,february_2024,0.005,0.001,0,43,0,0,0.0,1,1500,training_discrepancy_dof2,1.0,,376
377,discrepancy,16,4,0.05,tanh,512,0.05,0.0,0.05,dof2,february_2024,0.005,0.001,0,43,0,0,0.0,1,1500,training_discrepancy_dof2,2.0,,377
378,discrepancy,16,4,0.05,tanh,512,0.05,0.0,0.05,dof2,february_2024,0.005,0.001,0,43,0,0,0.0,1,1500,training_discrepancy_dof2,3.0,,378
379,discrepancy,16,4,0.05,tanh,512,0.05,0.0,0.05,dof2,february_2024,0.005,0.001,0,43,0,0,0.0,1,1500,training_discrepancy_dof2,4.0,,379
380,discrepancy,16,4,0.05,tanh,512,0.05,0.0,0.05,dof2,february_2024,0.005,0.001,0,43,0,0,0.0,1,1500,training_discrepancy_dof2,5.0,,380
381,discrepancy,16,4,0.05,tanh,512,0.05,0.0,0.05,dof2,february_2024,0.005,0.001,0,43,0,0,0.0,1,1500,training_discrepancy_dof2,6.0,,381
382,discrepancy,16,4,0.05,tanh,512,0.05,0.0,0.05,dof2,february_2024,0.005,0.001,0,43,0,0,0.0,1,1500,training_discrepancy_dof2,7.0,,382
383,discrepancy,16,4,0.05,tanh,512,0.05,0.0,0.05,dof2,february_2024,0.005,0.001,0,43,0,0,0.0,1,1500,training_discrepancy_dof2,8.0,,383
384,discrepancy,16,4,0.05,tanh,512,0.05,0.0,0.05,dof2,february_2024,0.005,0.001,0,43,0,0,0.0,1,1500,training_discrepancy_dof2,9.0,,384
385,discrepancy,16,4,0.05,tanh,512,0.05,0.0,0.05,dof2,february_2024,0.005,0.001,0,43,0,0,0.0,1,1500,training_discrepancy_dof2,10.0,,385
386,discrepancy,16,4,0.05,tanh,512,0.05,0.0,0.05,dof2,february_2024,0.005,0.001,0,43,0,0,0.0,1,1500,training_discrepancy_dof2,11.0,,386
387,discrepancy,16,4,0.05,tanh,512,0.05,0.0,0.05,dof2,february_2024,0.005,0.001,0,43,0,0,0.0,1,1500,training_discrepancy_dof2,12.0,,387
388,discrepancy,16,4,0.05,tanh,512,0.05,0.0,0.05,dof2,february_2024,0.005,0.001,0,43,0,0,0.0,1,1500,training_discrepancy_dof2,13.0,,388
389,discrepancy,16,4,0.05,tanh,512,0.05,0.0,0.05,dof2,february_2024,0.005,0.001,0,43,0,0,0.0,1,1500,training_discrepancy_dof2,14.0,,389
390,discrepancy,24,4,0.05,tanh,512,0.05,0.0,0.05,dof2,february_2024,0.005,0.001,0,43,0,0,0.0,1,1500,training_discrepancy_dof2,0.0,,390
391,discrepancy,24,4,0.05,tanh,512,0.05,0.0,0.05,dof2,february_2024,0.005,0.001,0,43,0,0,0.0,1,1500,training_discrepancy_dof2,1.0,,391
392,discrepancy,24,4,0.05,tanh,512,0.05,0.0,0.05,dof2,february_2024,0.005,0.001,0,43,0,0,0.0,1,1500,training_discrepancy_dof2,2.0,,392
393,discrepancy,24,4,0.05,tanh,512,0.05,0.0,0.05,dof2,february_2024,0.005,0.001,0,43,0,0,0.0,1,1500,training_discrepancy_dof2,3.0,,393
394,discrepancy,24,4,0.05,tanh,512,0.05,0.0,0.05,dof2,february_2024,0.005,0.001,0,43,0,0,0.0,1,1500,training_discrepancy_dof2,4.0,,394
395,discrepancy,24,4,0.05,tanh,512,0.05,0.0,0.05,dof2,february_2024,0.005,0.001,0,43,0,0,0.0,1,1500,training_discrepancy_dof2,5.0,,395
396,discrepancy,24,4,0.05,tanh,512,0.05,0.0,0.05,dof2,february_2024,0.005,0.001,0,43,0,0,0.0,1,1500,training_discrepancy_dof2,6.0,,396
397,discrepancy,24,4,0.05,tanh,512,0.05,0.0,0.05,dof2,february_2024,0.005,0.001,0,43,0,0,0.0,1,1500,training_discrepancy_dof2,7.0,,397
398,discrepancy,24,4,0.05,tanh,512,0.05,0.0,0.05,dof2,february_2024,0.005,0.001,0,43,0,0,0.0,1,1500,training_discrepancy_dof2,8.0,,398
399,discrepancy,24,4,0.05,tanh,512,0.05,0.0,0.05,dof2,february_2024,0.005,0.001,0,43,0,0,0.0,1,1500,training_discrepancy_dof2,9.0,,399
400,discrepancy,24,4,0.05,tanh,512,0.05,0.0,0.05,dof2,february_2024,0.005,0.001,0,43,0,0,0.0,1,1500,training_discrepancy_dof2,10.0,,400
401,discrepancy,24,4,0.05,tanh,512,0.05,0.0,0.05,dof2,february_2024,0.005,0.001,0,43,0,0,0.0,1,1500,training_discrepancy_dof2,11.0,,401
402,discrepancy,24,4,0.05,tanh,512,0.05,0.0,0.05,dof2,february_2024,0.005,0.001,0,43,0,0,0.0,1,1500,training_discrepancy_dof2,12.0,,402
403,discrepancy,24,4,0.05,tanh,512,0.05,0.0,0.05,dof2,february_2024,0.005,0.001,0,43,0,0,0.0,1,1500,training_discrepancy_dof2,13.0,,403
404,discrepancy,24,4,0.05,tanh,512,0.05,0.0,0.05,dof2,february_2024,0.005,0.001,0,43,0,0,0.0,1,1500,training_discrepancy_dof2,14.0,,404
405,discrepancy,8,4,1.0,tanh,512,0.05,0.0,0.05,dof2,february_2024,0.005,0.001,0,43,0,0,0.0,1,1500,training_discrepancy_dof2,0.0,,405
406,discrepancy,8,4,1.0,tanh,512,0.05,0.0,0.05,dof2,february_2024,0.005,0.001,0,43,0,0,0.0,1,1500,training_discrepancy_dof2,1.0,,406
407,discrepancy,8,4,1.0,tanh,512,0.05,0.0,0.05,dof2,february_2024,0.005,0.001,0,43,0,0,0.0,1,1500,training_discrepancy_dof2,2.0,,407
408,discrepancy,8,4,1.0,tanh,512,0.05,0.0,0.05,dof2,february_2024,0.005,0.001,0,43,0,0,0.0,1,1500,training_discrepancy_dof2,3.0,,408
409,discrepancy,8,4,1.0,tanh,512,0.05,0.0,0.05,dof2,february_2024,0.005,0.001,0,43,0,0,0.0,1,1500,training_discrepancy_dof2,4.0,,409
410,discrepancy,8,4,1.0,tanh,512,0.05,0.0,0.05,dof2,february_2024,0.005,0.001,0,43,0,0,0.0,1,1500,training_discrepancy_dof2,5.0,,410
411,discrepancy,8,4,1.0,tanh,512,0.05,0.0,0.05,dof2,february_2024,0.005,0.001,0,43,0,0,0.0,1,1500,training_discrepancy_dof2,6.0,,411
412,discrepancy,8,4,1.0,tanh,512,0.05,0.0,0.05,dof2,february_2024,0.005,0.001,0,43,0,0,0.0,1,1500,training_discrepancy_dof2,7.0,,412
413,discrepancy,8,4,1.0,tanh,512,0.05,0.0,0.05,dof2,february_2024,0.005,0.001,0,43,0,0,0.0,1,1500,training_discrepancy_dof2,8.0,,413
414,discrepancy,8,4,1.0,tanh,512,0.05,0.0,0.05,dof2,february_2024,0.005,0.001,0,43,0,0,0.0,1,1500,training_discrepancy_dof2,9.0,,414
415,discrepancy,8,4,1.0,tanh,512,0.05,0.0,0.05,dof2,february_2024,0.005,0.001,0,43,0,0,0.0,1,1500,training_discrepancy_dof2,10.0,,415
416,discrepancy,8,4,1.0,tanh,512,0.05,0.0,0.05,dof2,february_2024,0.005,0.001,0,43,0,0,0.0,1,1500,training_discrepancy_dof2,11.0,,416
417,discrepancy,8,4,1.0,tanh,512,0.05,0.0,0.05,dof2,february_2024,0.005,0.001,0,43,0,0,0.0,1,1500,training_discrepancy_dof2,12.0,,417
418,discrepancy,8,4,1.0,tanh,512,0.05,0.0,0.05,dof2,february_2024,0.005,0.001,0,43,0,0,0.0,1,1500,training_discrepancy_dof2,13.0,,418
419,discrepancy,8,4,1.0,tanh,512,0.05,0.0,0.05,dof2,february_2024,0.005,0.001,0,43,0,0,0.0,1,1500,training_discrepancy_dof2,14.0,,419
420,discrepancy,16,4,1.0,tanh,512,0.05,0.0,0.05,dof2,february_2024,0.005,0.001,0,43,0,0,0.0,1,1500,training_discrepancy_dof2,0.0,,420
421,discrepancy,16,4,1.0,tanh,512,0.05,0.0,0.05,dof2,february_2024,0.005,0.001,0,43,0,0,0.0,1,1500,training_discrepancy_dof2,1.0,,421
422,discrepancy,16,4,1.0,tanh,512,0.05,0.0,0.05,dof2,february_2024,0.005,0.001,0,43,0,0,0.0,1,1500,training_discrepancy_dof2,2.0,,422
423,discrepancy,16,4,1.0,tanh,512,0.05,0.0,0.05,dof2,february_2024,0.005,0.001,0,43,0,0,0.0,1,1500,training_discrepancy_dof2,3.0,,423
424,discrepancy,16,4,1.0,tanh,512,0.05,0.0,0.05,dof2,february_2024,0.005,0.001,0,43,0,0,0.0,1,1500,training_discrepancy_dof2,4.0,,424
425,discrepancy,16,4,1.0,tanh,512,0.05,0.0,0.05,dof2,february_2024,0.005,0.001,0,43,0,0,0.0,1,1500,training_discrepancy_dof2,5.0,,425
426,discrepancy,16,4,1.0,tanh,512,0.05,0.0,0.05,dof2,february_2024,0.005,0.001,0,43,0,0,0.0,1,1500,training_discrepancy_dof2,6.0,,426
427,discrepancy,16,4,1.0,tanh,512,0.05,0.0,0.05,dof2,february_2024,0.005,0.001,0,43,0,0,0.0,1,1500,training_discrepancy_dof2,7.0,,427
428,discrepancy,16,4,1.0,tanh,512,0.05,0.0,0.05,dof2,february_2024,0.005,0.001,0,43,0,0,0.0,1,1500,training_discrepancy_dof2,8.0,,428
429,discrepancy,16,4,1.0,tanh,512,0.05,0.0,0.05,dof2,february_2024,0.005,0.001,0,43,0,0,0.0,1,1500,training_discrepancy_dof2,9.0,,429
430,discrepancy,16,4,1.0,tanh,512,0.05,0.0,0.05,dof2,february_2024,0.005,0.001,0,43,0,0,0.0,1,1500,training_discrepancy_dof2,10.0,,430
431,discrepancy,16,4,1.0,tanh,512,0.05,0.0,0.05,dof2,february_2024,0.005,0.001,0,43,0,0,0.0,1,1500,training_discrepancy_dof2,11.0,,431
432,discrepancy,16,4,1.0,tanh,512,0.05,0.0,0.05,dof2,february_2024,0.005,0.001,0,43,0,0,0.0,1,1500,training_discrepancy_dof2,12.0,,432
433,discrepancy,16,4,1.0,tanh,512,0.05,0.0,0.05,dof2,february_2024,0.005,0.001,0,43,0,0,0.0,1,1500,training_discrepancy_dof2,13.0,,433
434,discrepancy,16,4,1.0,tanh,512,0.05,0.0,0.05,dof2,february_2024,0.005,0.001,0,43,0,0,0.0,1,1500,training_discrepancy_dof2,14.0,,434
435,discrepancy,24,4,1.0,tanh,512,0.05,0.0,0.05,dof2,february_2024,0.005,0.001,0,43,0,0,0.0,1,1500,training_discrepancy_dof2,0.0,,435
436,discrepancy,24,4,1.0,tanh,512,0.05,0.0,0.05,dof2,february_2024,0.005,0.001,0,43,0,0,0.0,1,1500,training_discrepancy_dof2,1.0,,436
437,discrepancy,24,4,1.0,tanh,512,0.05,0.0,0.05,dof2,february_2024,0.005,0.001,0,43,0,0,0.0,1,1500,training_discrepancy_dof2,2.0,,437
438,discrepancy,24,4,1.0,tanh,512,0.05,0.0,0.05,dof2,february_2024,0.005,0.001,0,43,0,0,0.0,1,1500,training_discrepancy_dof2,3.0,,438
439,discrepancy,24,4,1.0,tanh,512,0.05,0.0,0.05,dof2,february_2024,0.005,0.001,0,43,0,0,0.0,1,1500,training_discrepancy_dof2,4.0,,439
440,discrepancy,24,4,1.0,tanh,512,0.05,0.0,0.05,dof2,february_2024,0.005,0.001,0,43,0,0,0.0,1,1500,training_discrepancy_dof2,5.0,,440
441,discrepancy,24,4,1.0,tanh,512,0.05,0.0,0.05,dof2,february_2024,0.005,0.001,0,43,0,0,0.0,1,1500,training_discrepancy_dof2,6.0,,441
442,discrepancy,24,4,1.0,tanh,512,0.05,0.0,0.05,dof2,february_2024,0.005,0.001,0,43,0,0,0.0,1,1500,training_discrepancy_dof2,7.0,,442
443,discrepancy,24,4,1.0,tanh,512,0.05,0.0,0.05,dof2,february_2024,0.005,0.001,0,43,0,0,0.0,1,1500,training_discrepancy_dof2,8.0,,443
444,discrepancy,24,4,1.0,tanh,512,0.05,0.0,0.05,dof2,february_2024,0.005,0.001,0,43,0,0,0.0,1,1500,training_discrepancy_dof2,9.0,,444
445,discrepancy,24,4,1.0,tanh,512,0.05,0.0,0.05,dof2,february_2024,0.005,0.001,0,43,0,0,0.0,1,1500,training_discrepancy_dof2,10.0,,445
446,discrepancy,24,4,1.0,tanh,512,0.05,0.0,0.05,dof2,february_2024,0.005,0.001,0,43,0,0,0.0,1,1500,training_discrepancy_dof2,11.0,,446
447,discrepancy,24,4,1.0,tanh,512,0.05,0.0,0.05,dof2,february_2024,0.005,0.001,0,43,0,0,0.0,1,1500,training_discrepancy_dof2,12.0,,447
448,discrepancy,24,4,1.0,tanh,512,0.05,0.0,0.05,dof2,february_2024,0.005,0.001,0,43,0,0,0.0,1,1500,training_discrepancy_dof2,13.0,,448
449,discrepancy,24,4,1.0,tanh,512,0.05,0.0,0.05,dof2,february_2024,0.005,0.001,0,43,0,0,0.0,1,1500,training_discrepancy_dof2,14.0,,449
